job title,company name,job date,locations,skills,links
Senior Python Developer - Remote,"Nile Bits, LLC -",6 days ago,"6th of October, Giza, Egypt ",Full TimeWork From HomeExperienced · 5+ Yrs of Exp · IT/Software Development · Engineering - Telecom/Technology · Python · Django · javaScript · Software Development · Git · HTML5 · Unit Testing · Computer Science,https://wuzzuf.net/jobs/p/xoLPCDxxDq5h-DevOpsProdOPS-Engineer-Cegedim-Cairo-Egypt?o=165&l=sp&t=sj&a=python|search-v3|spbg
Python Developer,RUUF -,5 days ago,"Heliopolis, Cairo, Egypt ",Full TimeExperienced · 2 - 3 Yrs of Exp · IT/Software Development · Engineering - Telecom/Technology · AWS · Computer Science · Django · Docker · Information Technology (IT) · JavaScript · Python · Software Development,https://wuzzuf.net/jobs/p/sTq4zpx9BqNy-Odoo-Developer-Dimofinf-Operations-Center-Cairo-Egypt?o=31&l=sp&t=sj&a=python|search-v3|spbg
Python Developer (Odoo),ZAD Solutions -,13 days ago,"Mohandessin, Giza, Egypt ",Full TimeEntry Level · 1+ Yrs of Exp · IT/Software Development · Engineering - Telecom/Technology · Odoo · Python · Information Technology (IT) · Computer Science · Odoo Modules · Development · Software Development · Software,https://wuzzuf.net/jobs/p/O5vrr5q8CJ2R-Senior-RPA-Developer-Net-SmartTech-Systems-Cairo-Egypt?o=88&l=sp&t=sj&a=python|search-v3|spbg
Python /Django Team Leader,Div Systems -,21 days ago,"Mokattam, Cairo, Egypt ",Full TimeManager · 4 - 8 Yrs of Exp · IT/Software Development · Engineering - Telecom/Technology · Python Development Lead · Lead Python Engineer · Lead Software Development Engineer / Mentor · Python Developer · Engineering · Software Development · Python · Django Rest framework-,https://wuzzuf.net/jobs/p/B9Noe87tQbXD-Mid-Level-Developer-REST-API-Microservices---UK-Team---Alexandria-Procrew-Alexandria-Egypt?o=91&l=sp&t=sj&a=python|search-v3|spbg
Senior Python Developer,Andela -,22 days ago,"Cairo, Egypt ",Full TimeFreelance / ProjectWork From HomeExperienced · 2 - 8 Yrs of Exp · IT/Software Development · Engineering - Telecom/Technology · Computer Science · Information Technology (IT) · Software Development · Software Engineering · Engineering · Software · Python,https://wuzzuf.net/jobs/p/Rn4kZCv4sDVJ-System-Engineer---Application-Performance-Monitoring-APM-Ejada-Cairo-Cairo-Egypt?o=102&l=sp&t=sj&a=python|search-v3|spbg
Senior Python Developer,FlairsTech -,27 days ago,"Maadi, Cairo, Egypt ",Full TimeShift BasedWork From HomeExperienced · 3 - 6 Yrs of Exp · Installation/Maintenance/Repair · IT/Software Development · Engineering - Telecom/Technology · Computer Science · Applications · Developing · Design · Implementation · Engineering · Information Technology (IT),https://wuzzuf.net/jobs/p/hLW2SDKAlnD8-Web-Developer-Union-Group-Cairo-Egypt?o=160&l=sp&t=sj&a=python|search-v3|spbg
Python API Developer Ocucon Team (UK) - (Alexandria),Procrew -,27 days ago,"San Stefano, Alexandria, Egypt ",Full TimeExperienced · 3 - 5 Yrs of Exp · Engineering - Construction/Civil/Architecture · IT/Software Development · Engineering - Telecom/Technology · Testing Software · Information Technology · Software Development · QC · English · Flask · PHP Development,https://wuzzuf.net/jobs/p/EbJ7ArfcMMjF-IT-Infrastructure-Developer-Quality-unit-Cairo-Egypt?o=49&l=sp&t=sj&a=python|search-v3|spbg
Senior Python Developer,Evolvice GmbH -,27 days ago,"Cairo, Egypt ",Full TimeExperienced · 4 - 7 Yrs of Exp · IT/Software Development · Engineering - Telecom/Technology · Django · backend · Cloud · Computer Science · Python · Software Development · ERP · Information Technology (IT),https://wuzzuf.net/jobs/p/xfOnLTU0h4lu-Senior-Devops-Engineer-Andela-Cairo-Egypt?o=77&l=sp&t=sj&a=python|search-v3|spbg
Junior Python Developer,Confidential -,29 days ago,"Nasr City, Cairo, Egypt ",Full TimeEntry Level · 0 - 1 Yrs of Exp · IT/Software Development · Engineering - Telecom/Technology · Computer Science · Software Development · Software Engineering · JavaScript · jQuery · CSS · HTML · Python,https://wuzzuf.net/jobs/p/v9Vl7mKPixxf-Full-Stack-developer-eSmartSoft-Cairo-Egypt?o=60&l=sp&t=sj&a=python|search-v3|spbg
Full Stack Developer (Python/React) -Fluent English,Fekra Technology Solutions and Construction -,1 month ago,"Dokki, Giza, Egypt ",Full TimeWork From HomeExperienced · 5+ Yrs of Exp · IT/Software Development · Engineering - Telecom/Technology · Agile · Computer Science · Development · Information Technology (IT) · Python · React · Software Development · JavaScript,https://wuzzuf.net/jobs/p/lYZTffkjGZmy-Devops-Engineer-Techno-Ways-Cairo-Egypt?o=44&l=sp&t=sj&a=python|search-v3|spbg
Python Developer Ecommerce ERP System (Odoo) - Fluent English,Fekra Technology Solutions and Construction -,1 month ago,"Dokki, Giza, Egypt ",Full TimeWork From HomeExperienced · 3 - 5 Yrs of Exp · IT/Software Development · Engineering - Telecom/Technology · Odoo · ERP · Programming · Python · Software Development · Information Technology (IT) · Computer Science · Linux,https://wuzzuf.net/jobs/p/AUoHM4f3cf3z-Senior-Front-end-Web-Developer-eSmartSoft-Cairo-Egypt?o=56&l=sp&t=sj&a=python|search-v3|spbg
Python Developer- Fluent English,Fekra Technology Solutions and Construction -,1 month ago,"Dokki, Giza, Egypt ",Full TimeWork From HomeExperienced · 3 - 5 Yrs of Exp · IT/Software Development · Engineering - Telecom/Technology · Agile · Programming · Software Development · Python · Computer Science · Elasticsearch · Information Technology (IT),https://wuzzuf.net/jobs/p/AROPLV3pkzSN-Odoo-Developer-Cairo-Egypt?o=115&l=sp&t=sj&a=python|search-v3|spbg
Python Developer,Trufla -,1 month ago,"Heliopolis, Cairo, Egypt ",Full TimeExperienced · 2+ Yrs of Exp · IT/Software Development · Engineering - Telecom/Technology · Python · Git · Computer Science · Information Technology (IT) · Software Development · AWS · Agile · SQL,https://wuzzuf.net/jobs/p/KpZSdA2oQips-Senior-Backend-Developer-Digified-Cairo-Egypt?o=117&l=sp&t=sj&a=python|search-v3|spbg
Full Stack Software Engineer ( Python - React ),JRM for Communications -,1 month ago,"Nasr City, Cairo, Egypt ",Full TimeExperienced · 2 - 3 Yrs of Exp · IT/Software Development · Engineering - Telecom/Technology · Angular · Computer Science · Full-Stack · Information Technology (IT) · Python · React · Software · Software Development,https://wuzzuf.net/jobs/p/o1hH6mubtaOT-Python-Developer-Trufla-Cairo-Egypt?o=13&l=sp&t=sj&a=python|search-v3|spbg
Python Developer (Odoo Framework),VA -,1 month ago,"Salmiya, Kuwait ",Full TimeExperienced · 3 - 7 Yrs of Exp · IT/Software Development · Engineering - Telecom/Technology · Python · Odoo Development · Computer Science · English · Information Technology (IT) · Software Development,https://wuzzuf.net/jobs/p/6ptrQzvM939L-Full-Stack-Engineer-DigiFi-Cairo-Egypt?o=158&l=sp&t=sj&a=python|search-v3|spbg
Python Developer (Odoo),2B -,5 days ago,"Nasr City, Cairo, Egypt ",Full TimeExperienced · 2+ Yrs of Exp · IT/Software Development · Engineering - Telecom/Technology · Python · Odoo · Computer Science · Information Technology (IT) · CSS · Linux · jQuery · API,https://wuzzuf.net/jobs/p/lti4vVhRvuKO-Data-Science-Instructor-EpsilonAI-Cairo-Egypt?o=70&l=sp&t=sj&a=python|search-v3|spbg
Python Developer / REST API / Microservices - Ocucon Team (UK) - (Alexandria),Procrew -,3 days ago,"Alexandria, Egypt ",Full TimeExperienced · 3+ Yrs of Exp · IT/Software Development · Engineering - Telecom/Technology · MySQL · JavaScript · Software Development · Programming Language · Git · Information Technology (IT) · Front-End Development · Full Stack Development,https://wuzzuf.net/jobs/p/GDO6Yai9Cs4C-Devops-Engineer---Software-Development-Rasan-Cairo-Egypt?o=109&l=sp&t=sj&a=python|search-v3|spbg
Backend Engineer - Python/Django,Paymob Solutions -,3 days ago,"Maadi, Cairo, Egypt ",Full TimeExperienced · 2+ Yrs of Exp · Installation/Maintenance/Repair · IT/Software Development · Engineering - Telecom/Technology · Information Technology (IT) · Python · Django · AWS · Web Services · Computer Science · Software Development,https://wuzzuf.net/jobs/p/cvVaDAHQodFk-Odoo-Developer-Pan-Marine-Group-Alexandria-Egypt?o=82&l=sp&t=sj&a=python|search-v3|spbg
Python Programmer,Dumiah animation studio -,8 days ago,"Maadi, Cairo, Egypt ",Full TimeExperienced · 2 - 5 Yrs of Exp · IT/Software Development · Engineering - Telecom/Technology · Computer Science · Information Technology (IT) · Computer Engineering · Software Development · Software Engineering · Python · Linux · UNIX,https://wuzzuf.net/jobs/p/pCk2RnNk17sP-Software-Testing-Team-Leader-360Imaging-Giza-Egypt?o=141&l=sp&t=sj&a=python|search-v3|spbg
Senior Python Django Full Stack Developer,LINK Development -,23 hours ago,"Maadi, Cairo, Egypt ",Full TimeExperienced · 2+ Yrs of Exp · IT/Software Development · Engineering - Telecom/Technology · Computer Science · Software Development · Python · Information Technology (IT) · javaScript · SQL · Software · Software Engineering,https://wuzzuf.net/jobs/p/4VAV0jbNoBc5-Odoo-Developer-Egyptian-Cultural-Center-Cairo-Egypt?o=136&l=sp&t=sj&a=python|search-v3|spbg
Senior Software Engineer - Python\Django,Paymob Solutions -,4 days ago,"Maadi, Cairo, Egypt ",Full TimeExperienced · 2+ Yrs of Exp · IT/Software Development · Engineering - Telecom/Technology · Python · Computer Science · Software Engineering · Framework · Software Development · AWS · Information Technology (IT) · javaScript,https://wuzzuf.net/jobs/p/1ivG518SHtoF-Senior-Odoo-Developer---Giza-Ejadtech-Giza-Egypt?o=24&l=sp&t=sj&a=python|search-v3|spbg
Python Developer,EBE -,4 days ago,"Dokki, Giza, Egypt ",Full TimeExperienced · 2+ Yrs of Exp · IT/Software Development · Engineering - Telecom/Technology · Software Development · Python · Information Technology (IT) · Computer Science · javaScript · HTML5 · Django · CSS3,https://wuzzuf.net/jobs/p/DQWfgpJWxe85-Senior-Data-Warehouse-BI-Tester-Target-Recruitment-HR-Solutions-Cairo-Egypt?o=164&l=sp&t=sj&a=python|search-v3|spbg
Senior Data Analyst,Future Group -,4 days ago,"Mohandessin, Giza, Egypt ",Full TimeExperienced · 3 - 5 Yrs of Exp · IT/Software Development · Analyst/Research · Analysis · SQL · Python · Data · Data Analysis · Statistics · Computer Science · Information Technology (IT),https://wuzzuf.net/jobs/p/oD4XsBPZCUcC-Data-Analyst-Fund-Ourselves-Ltd-Cairo-Egypt?o=116&l=sp&t=sj&a=python|search-v3|spbg
Senior Odoo Developer - Giza,Ejadtech -,1 month ago,"Dokki, Giza, Egypt ",Full TimeExperienced · 4 - 5 Yrs of Exp · IT/Software Development · Engineering - Telecom/Technology · Computer Science · Git · HTML · jQuery · JavaScript · XML · Development · Software Development,https://wuzzuf.net/jobs/p/efE9GPfTPHd7-Odoo-Developer-Peerless-Giza-Egypt?o=26&l=sp&t=sj&a=python|search-v3|spbg
Odoo Specialist - Cairo,Collars HR -,1 month ago,"New Cairo, Cairo, Egypt ",Full TimeEntry Level · 1 - 3 Yrs of Exp · IT/Software Development · Computer Science · Information Technology (IT) · Odoo · ERP · JavaScript · Python · SaaS,https://wuzzuf.net/jobs/p/vDevjo7J5M1c-Data-Quality-Assurance-Analyst-Engineer-Z2-Data-Qalubia-Egypt?o=27&l=sp&t=sj&a=python|search-v3|spbg
Odoo Developer,Peerless -,1 month ago,"Mohandessin, Giza, Egypt ",Full TimeEntry Level · 1 - 3 Yrs of Exp · IT/Software Development · Engineering - Telecom/Technology · Odoo · HTML · Python · PostgreSQL · javaScript · XML · API · Odoo Modules,https://wuzzuf.net/jobs/p/CWnoB4gBFvD6-Senior-DevOps-Engineer-Evolvice-GmbH-Cairo-Egypt?o=149&l=sp&t=sj&a=python|search-v3|spbg
Data Quality Assurance Analyst Engineer,Z2 Data -,1 month ago,"Banha, Qalubia, Egypt ",Full TimeEntry Level · 0 - 1 Yrs of Exp · IT/Software Development · Quality · Engineering - Telecom/Technology · Analysis · Communication · Communication skills · Computer Science · Data Analysis · Engineering · Programming,https://wuzzuf.net/jobs/p/Wcu4dwoAsuM3-Solution-Architect-PHP-Expand-Cart-Giza-Egypt?o=33&l=sp&t=sj&a=python|search-v3|spbg
DevOps: Site Reliability Engineer/ Support Engineer,Cegedim -,2 months ago,"New Cairo, Cairo, Egypt ",Full TimeExperienced · 2+ Yrs of Exp · IT/Software Development · Engineering - Telecom/Technology · Jira · Saltstack · Jenkins · Linux · Oracle · MongoDB · Bash · Powershell,https://wuzzuf.net/jobs/p/B13L1xsmivpP-PHP-Technical-Lead-LINK-Development-Cairo-Egypt?o=186&l=sp&t=sj&a=python|search-v3|spbg
Applied Machine Learning Engineer / Computer Vision Scientist,412labs.com -,2 months ago,"Cairo, Egypt ",Full TimeFreelance / ProjectWork From HomeExperienced · 4+ Yrs of Exp · IT/Software Development · Computer Vision · Information Technology (IT) · Deep Learning · Python · Research · Machine Learning · OpenCV · TensorFlow · Keras,https://wuzzuf.net/jobs/p/b0NAsOYEKrXG-Junior-Software-Developer-Target-Recruitment-HR-Solutions-Cairo-Egypt?o=72&l=sp&t=sj&a=python|search-v3|spbg
Senior DevOps Engineer,Cegedim -,2 months ago,"New Cairo, Cairo, Egypt ",Full TimeExperienced · 5 - 10 Yrs of Exp · IT/Software Development · Engineering - Telecom/Technology · System Administration · Linux · Network Adminstartion · Engineering · Windows Systems · MongoDB · Oracle · PostgreSQL,https://wuzzuf.net/jobs/p/NfwodYCo5nZC-DevOps-Engineer-Cairo-Egypt?o=127&l=sp&t=sj&a=python|search-v3|spbg
Odoo Developer,Dimofinf Operations Center -,4 days ago,"Nasr City, Cairo, Egypt ",Full TimeExperienced · 2 - 5 Yrs of Exp · IT/Software Development · Engineering - Telecom/Technology · Git · Development · HTML · JavaScript · Odoo · Odoo Development · Python · Computer Science,https://wuzzuf.net/jobs/p/t7SI3G5KLIvg-Management-Trainee--Supply-Chain-Landmark-Group-Cairo-Egypt?o=151&l=sp&t=sj&a=python|search-v3|spbg
Blockchain developer,MENA Alliances -,5 days ago,"Hebron, Palestine ",Full TimeWork From HomeExperienced · 2+ Yrs of Exp · IT/Software Development · Engineering - Telecom/Technology · blockchain · Information Technology (IT) · Computer Science · Back-End Development · Python · Algorithms · Java · Programming,https://wuzzuf.net/jobs/p/LctVzPWf7zoH-Sr-Data-Scientist---NLP-Video-analytics-Cairo-Egypt?o=131&l=sp&t=sj&a=python|search-v3|spbg
Solution Architect ( PHP ),Expand Cart -,5 days ago,"6th of October, Giza, Egypt ",Full TimeExperienced · 7+ Yrs of Exp · IT/Software Development · Engineering - Telecom/Technology · Architecture · Computer Engineering · Computer Science · Design · Engineering · CSS · Information Technology (IT) · JavaScript,https://wuzzuf.net/jobs/p/Yg9FAt50zoYr-ERPNext-Developer-Takamul-Systems-Giza-Egypt?o=144&l=sp&t=sj&a=python|search-v3|spbg
Principal DevOps Engineer,A1Softech -,1 day ago,"Cairo, Egypt ",Full TimeWork From HomeExperienced · 5 - 10 Yrs of Exp · IT/Software Development · Engineering - Telecom/Technology · Docker · DevOps · Linux · Java · Computer Science · Agile · Software Development · Python,https://wuzzuf.net/jobs/p/5OVdqcUkqCVb-Backend-Software-Engineer-Sharjah-United-Arab-Emirates?o=180&l=sp&t=sj&a=python|search-v3|spbg
Software Developer,Everlast -,7 days ago,"Heliopolis, Cairo, Egypt ",Full TimeExperienced · 3 - 5 Yrs of Exp · IT/Software Development · Quality · Engineering - Telecom/Technology · Software · Python · Programming · Development · Computer Science · Software Development · Information Technology (IT),https://wuzzuf.net/jobs/p/9LjrlY8kg3pI-Software-Developer-eelu-Cairo-Egypt?o=195&l=sp&t=sj&a=python|search-v3|spbg
Teachnical Leader,Unvc -,8 days ago,"Cairo, Egypt ",Full TimeManager · 3 - 8 Yrs of Exp · IT/Software Development · Engineering - Telecom/Technology · Python · JavaScript · Git · Agile · Team Leadership · Software Development · Computer Science · Computer Engineering,https://wuzzuf.net/jobs/p/B5j5000EfvUP-Senior-Backend-Developer-Easy-Cash-Cairo-Egypt?o=159&l=sp&t=sj&a=python|search-v3|spbg
Senior DevOps Engineer,ExaServe LLC -,4 hours ago,"Heliopolis, Cairo, Egypt ",Full TimeExperienced · 3 - 5 Yrs of Exp · IT/Software Development · Engineering - Telecom/Technology · DevOps · PHP · Python · Cybersecurity · Cloud Services · Information Technology (IT) · Computer Science · Software Development,https://wuzzuf.net/jobs/p/qp2yMkl7zzpP-IP-Core-Operation-Engineer-Silicon21-Cairo-Egypt?o=163&l=sp&t=sj&a=python|search-v3|spbg
Computer Science Instructor (Game development),iSchool -,5 days ago,"New Cairo, Cairo, Egypt ",Full TimeWork From HomeEntry Level · 0 - 5 Yrs of Exp · IT/Software Development · Education/Teaching · Training/Instructor · Computer Science · Instructor · Training · Teaching · Science · Computer · Programming,https://wuzzuf.net/jobs/p/8pKDMo3K6fQ5-System-Administrator-IT-Tartoussieh-for-Engineering-Alexandria-Egypt?o=75&l=sp&t=sj&a=python|search-v3|spbg
Back-End Developer,Everlast -,7 days ago,"Heliopolis, Cairo, Egypt ",Full TimeExperienced · 4 - 6 Yrs of Exp · IT/Software Development · Project/Program Management · Engineering - Telecom/Technology · Programming · Python · Computer Science · Web Development · Software Development · Software Engineering · Web,https://wuzzuf.net/jobs/p/jB7rvNLyMdBQ-Blockchain-Ethereum-Specialist-Cairo-Egypt?o=134&l=sp&t=sj&a=python|search-v3|spbg
Sr. System Engineer,Teqneyat  -,3 days ago,"Mohandessin, Giza, Egypt ",Full TimeExperienced · 2 - 4 Yrs of Exp · IT/Software Development · Engineering - Telecom/Technology · System Engineer · Computer Science · Network Administration · System Administration · Database Administration (DBA) · DevOps · Azure DevOps Server · Okta,https://wuzzuf.net/jobs/p/eTE9FEQFU6bg-Web-Developer-Solutions-Giza-Egypt?o=161&l=sp&t=sj&a=python|search-v3|spbg
Senior Data Scientist,Talenter -,5 days ago,"Giza, Egypt ",Full TimeExperienced · 2 - 5 Yrs of Exp · IT/Software Development · Analyst/Research · Engineering - Telecom/Technology · C# · Information Technology (IT) · Python · Java,https://wuzzuf.net/jobs/p/5c58J62BFwFA-Full-Stack-Developer-Alternative-Education-Cairo-Egypt?o=83&l=sp&t=sj&a=python|search-v3|spbg
DevOps Engineer,Fawry Banking & Payment Technology Services -,7 days ago,"6th of October, Giza, Egypt ",Full TimeExperienced · 2 - 4 Yrs of Exp · IT/Software Development · Engineering - Telecom/Technology · Docker · Kubernetes · VSTS · Jenkins · Ansible · GIT · Groovy · Python,https://wuzzuf.net/jobs/p/yxhYlaVRKtHw-Full-Stack-Developer-Windsor-University-Cairo-Egypt?o=201&l=sp&t=sj&a=python|search-v3|spbg
DevOps Engineer / Site Reliability Engineer - Jumia Pay,Jumia -,2 days ago,"Cairo, Egypt ",Full TimeEntry Level · 1+ Yrs of Exp · IT/Software Development · Engineering - Telecom/Technology · Computer Science · Engineering · Site Reliability · Linux · DevOps · AWS · Python · Docker,https://wuzzuf.net/jobs/p/zqkSUHAw72qG-Data-Scientist-Machine-Learning-Engineer-Lun-Development-Cairo-Egypt?o=135&l=sp&t=sj&a=python|search-v3|spbg
Devops Engineer,Techno-Ways -,7 days ago,"Cairo, Egypt ",Full TimeWork From HomeExperienced · 3 - 5 Yrs of Exp · IT/Software Development · Engineering - Telecom/Technology · CI/CD · DevOps · Information Technology (IT) · Software Development · Kubernetes · Development · JavaScript · Computer Science,https://wuzzuf.net/jobs/p/R25kqJhIDXTV-DevOps-Engineer-Cairo-Egypt?o=96&l=sp&t=sj&a=python|search-v3|spbg
Odoo Developer,Smart Technologies -,8 days ago,"Nasr City, Cairo, Egypt ",Full TimeExperienced · 2 - 5 Yrs of Exp · Installation/Maintenance/Repair · IT/Software Development · Engineering - Telecom/Technology · CSS · Git · HTML · Information Technology (IT) · JavaScript · Odoo · OpenERP,https://wuzzuf.net/jobs/p/hkIJffDOOjqZ-Senior-DevOps-Engineer-EgyProTech-Cairo-Egypt?o=73&l=sp&t=sj&a=python|search-v3|spbg
Web Developer,Engosoft -,25 minutes ago,"Nasr City, Cairo, Egypt ",Full TimeExperienced · 3+ Yrs of Exp · males_only · IT/Software Development · Engineering - Telecom/Technology · Computer Science · Database · Laravel · MySQL · PHP · Python · Web Development · WordPress,https://wuzzuf.net/jobs/p/XMZnhF7FzmZ8-Senior-Full-Stack-Developer-Full-Time-Office-Based-Affsquare-Cairo-Egypt?o=189&l=sp&t=sj&a=python|search-v3|spbg
Senior GIS Engineer,Interact Technology Solutions -,4 days ago,"Maadi, Cairo, Egypt ",Full TimeExperienced · 5+ Yrs of Exp · IT/Software Development · Engineering - Telecom/Technology · GIS · Information Technology (IT) · Communication skills · Engineering · Computer Science · ArcGIS · Computer Engineering · Urban Planning,https://wuzzuf.net/jobs/p/TdUcXA136mYj-SME-Sekem-Cairo-Egypt?o=152&l=sp&t=sj&a=python|search-v3|spbg
Senior IT Infrastructure Developer,Quality unit -,6 days ago,"New Cairo, Cairo, Egypt ",Full TimeWork From HomeEntry Level · 4+ Yrs of Exp · IT/Software Development · Engineering - Telecom/Technology · PHP · Software Development · Software Engineering · Git · Github · Development · Computer Science · Programming,https://wuzzuf.net/jobs/p/3IR8A8mn5k5O-Senior-DevOps-Engineer-ExaServe-LLC-Cairo-Egypt?o=37&l=sp&t=sj&a=python|search-v3|spbg
IT Infrastructure Developer,Quality unit -,16 days ago,"New Cairo, Cairo, Egypt ",Full TimeWork From HomeExperienced · 2 - 4 Yrs of Exp · IT/Software Development · Engineering - Telecom/Technology · PHP · Software Development · Software Engineering · Git · Github · Development · Computer Science · Programming,https://wuzzuf.net/jobs/p/Iet0uNlLEwyx-Python-Developer-Odoo-Framework-VA-Salmiya-Kuwait?o=15&l=sp&t=sj&a=python|search-v3|spbg
Junior Infrastructure Developer,Quality unit -,11 days ago,"New Cairo, Cairo, Egypt ",Full TimeWork From HomeEntry Level · 0 - 3 Yrs of Exp · IT/Software Development · Engineering - Telecom/Technology · PHP · Software Development · Software Engineering · Git · Github · Development · Computer Science · Programming,https://wuzzuf.net/jobs/p/FGJalh5DLTJE-DevOps-Engineer-RemoteWFH-Deriv-com-Cairo-Egypt?o=111&l=sp&t=sj&a=python|search-v3|spbg
Software Automation Test Engineer (Mid-level),360Imaging -,11 days ago,"Dokki, Giza, Egypt ",Full TimeWork From HomeEntry Level · 1+ Yrs of Exp · IT/Software Development · Quality · Engineering - Telecom/Technology · Software Testing · Test Automation · Agile · QA · Selenium · Jira · Computer Science,https://wuzzuf.net/jobs/p/oDEvfKHsXiKE-Software-Automation-Test-Engineer-Mid-level-360Imaging-Giza-Egypt?o=51&l=sp&t=sj&a=python|search-v3|spbg
Full Stack Developer,MEAPAL -,11 days ago,"Maadi, Cairo, Egypt ",Full TimeEntry Level · 0 - 3 Yrs of Exp · IT/Software Development · Computer Science · developer · Full Stack · Full Stack Developer · Information Technology (IT) · Software Development · PHP · Laravel · Python,https://wuzzuf.net/jobs/p/ThcjKHeQtKNx-Senior-Odoo-Developer-Giza-Egypt?o=81&l=sp&t=sj&a=python|search-v3|spbg
Odoo Developer,Albassami International Group -,11 days ago,"Cairo, Egypt ",Full TimeWork From HomeExperienced · 2 - 4 Yrs of Exp · IT/Software Development · Engineering - Telecom/Technology · Odoo Developer · Odoo · Information Technology (IT) · Computer Science · Python,https://wuzzuf.net/jobs/p/8UwNqvJtTjTb-Senior-Software-Engineer-dKilo-Cairo-Egypt?o=86&l=sp&t=sj&a=python|search-v3|spbg
DevOps Engineer,Confidential -,13 days ago,"Dubai, United Arab Emirates ",Full TimeWork From HomeExperienced · 4 - 10 Yrs of Exp · Installation/Maintenance/Repair · IT/Software Development · Engineering - Telecom/Technology · AWS · Computer Engineering · DevOps · Docker · Engineering · Jenkins · Python,https://wuzzuf.net/jobs/p/kIaV8rOqzxrg-Cloud-Solution-Architect---RD-Link-Datacenter-Giza-Egypt?o=58&l=sp&t=sj&a=python|search-v3|spbg
Functional Testing Engineer,Ejada (Cairo) -,12 days ago,"Cairo, Egypt ",Full TimeExperienced · 6+ Yrs of Exp · IT/Software Development · Engineering - Telecom/Technology · Java · TFS · Jira · Testing · JMeter · Appium · Python · Jenkins,https://wuzzuf.net/jobs/p/00eepS1Ejji0-Senior-Data-Analyst-Future-Group-Giza-Egypt?o=23&l=sp&t=sj&a=python|search-v3|spbg
Senior Front-end Web Developer,eSmartSoft -,14 days ago,"Cairo, Egypt ",Full TimeExperienced · 4 - 8 Yrs of Exp · IT/Software Development · Engineering - Telecom/Technology · Front-end · CSS · HTML · javaScript · Software · Graphic Design · OOP · Angular,https://wuzzuf.net/jobs/p/7zC5joIpoyFj-Sr-System-Engineer-Teqneyat-Giza-Egypt?o=40&l=sp&t=sj&a=python|search-v3|spbg
Senior Data Engineer (DBT/Looker/BigQuery),360Imaging -,15 days ago,"Dokki, Giza, Egypt ",Full TimeWork From HomeExperienced · 5+ Yrs of Exp · IT/Software Development · Analyst/Research · Engineering - Telecom/Technology · Analysis · DBT · ML · Looker · Tableau · Python · SQL,https://wuzzuf.net/jobs/p/5eqH0x7OeHzh-DevOps-Engineer-Dubai-United-Arab-Emirates?o=54&l=sp&t=sj&a=python|search-v3|spbg
Cloud Solution Architect - R&D,Link Datacenter -,14 days ago,"Dokki, Giza, Egypt ",Full TimeExperienced · 2 - 4 Yrs of Exp · R&D/Science · IT/Software Development · Engineering - Telecom/Technology · Engineering · Software Engineering · Information Technology (IT) · Computer Science · Linux · FOSS · Networking,https://wuzzuf.net/jobs/p/zsChijT1lSoQ-Devops-Engineer-EXALT-Technologies-Cairo-Egypt?o=62&l=sp&t=sj&a=python|search-v3|spbg
Telecom Customer Service & Provisioning Representative (VoIP),Tlnted -,11 days ago,"Obour City, Cairo, Egypt ",Full TimeEntry Level · 1+ Yrs of Exp · Customer Service/Support · IT/Software Development · Engineering - Telecom/Technology · Information Technology (IT) · Customer Care · Customer Service · Customer Support · Telecom · VoIP · Voip Systems,https://wuzzuf.net/jobs/p/x5FzsloYojed-Full-Stack-Web-Developer-Cairo-Egypt?o=98&l=sp&t=sj&a=python|search-v3|spbg
Full Stack developer,eSmartSoft -,12 days ago,"Heliopolis, Cairo, Egypt ",Full TimeEntry Level · 0 - 3 Yrs of Exp · IT/Software Development · Engineering - Telecom/Technology · Full Stack Development · C# · Python · Information Technology (IT) · Computer Science · front-end · Java · OOP,https://wuzzuf.net/jobs/p/hCtKqkycqnZ0-Odoo-Developer-Cairo-Egypt?o=100&l=sp&t=sj&a=python|search-v3|spbg
Systems Analyst,Confidential -,13 days ago,"Maadi, Cairo, Egypt ",Full TimeExperienced · 2 - 4 Yrs of Exp · males_preferred · IT/Software Development · Analyst/Research · Engineering - Telecom/Technology · System Analysis · Business Analysis · SQL · Data Analysis · Computer Science · Information Systems · Information Technology (IT),https://wuzzuf.net/jobs/p/zmAd2T30u1sr-Business-Analysis-Supervisor-Ibn-Sina-Pharma-Cairo-Egypt?o=126&l=sp&t=sj&a=python|search-v3|spbg
Devops Engineer,EXALT Technologies -,19 days ago,"Cairo, Egypt ",Full TimeWork From HomeEntry Level · 1 - 5 Yrs of Exp · IT/Software Development · Engineering - Telecom/Technology · Software · Software Development · Software Engineering · Computer Science · SW Development · Python · Bash Scripting · DevOps,https://wuzzuf.net/jobs/p/ITaezijn1yin-Full-Stack-Software-Engineer-Python---React-JRM-for-Communications-Cairo-Egypt?o=14&l=sp&t=sj&a=python|search-v3|spbg
Software Projects Delivery Lead,Smartera 3S  -,18 days ago,"Cairo, Egypt ",Full TimeManager · 10+ Yrs of Exp · IT/Software Development · Engineering - Telecom/Technology · Software Engineering · Computer Engineering · System Design · Computer Science · Information Systems · Scrum · Scala · Java J2EE,https://wuzzuf.net/jobs/p/kenAY2zYaVOT-Lead-Software-Engineer-TypescriptNode-REMOTE-Aurora-Tech-N-V-Cairo-Egypt?o=132&l=sp&t=sj&a=python|search-v3|spbg
Odoo Developer - Remotely (Urgently),Confidential -,15 days ago,"Cairo, Egypt ",Full TimePart TimeWork From HomeEntry Level · 1 - 5 Yrs of Exp · IT/Software Development · Engineering - Telecom/Technology · Python · Odoo · IT · Information Technology (IT) · Computer Science,https://wuzzuf.net/jobs/p/eevDs1EkkFtn-DevOps-Engineer-almentor-Cairo-Egypt?o=68&l=sp&t=sj&a=python|search-v3|spbg
Junior R&D Software Engineer - .NET,AGI -,15 days ago,"6th of October, Giza, Egypt ",Full TimeEntry Level · 1 - 3 Yrs of Exp · R&D/Science · IT/Software Development · Engineering - Telecom/Technology · Agile · .Net · Computer Science · ASP.Net · Design · Information Technology (IT) · Git,https://wuzzuf.net/jobs/p/FX5bmEVG5DPP-Ruby-on-Rails-Developer-nformacy-Cairo-Egypt?o=139&l=sp&t=sj&a=python|search-v3|spbg
Senior Penetration Tester,Union Coop -,20 days ago,"Dokki, Giza, Egypt ",Full TimeExperienced · 3+ Yrs of Exp · IT/Software Development · Quality · Engineering - Telecom/Technology · hack · OSCP · penetration · testing · cyber · SOC · RED,https://wuzzuf.net/jobs/p/mBTH3YehEITw-DevOps-Site-Reliability-Engineer-Support-Engineer-Cegedim-Cairo-Egypt?o=28&l=sp&t=sj&a=python|search-v3|spbg
Odoo Senior Developer,Minds solutions -,20 days ago,"Cairo, Egypt ",Full TimeExperienced · 3+ Yrs of Exp · IT/Software Development · Engineering - Telecom/Technology · Odoo · Python · Computer Science · Information Technology (IT) · English · Programming · HTML · XML,https://wuzzuf.net/jobs/p/p6mjvyEaX2w4-DevOps-Engineer-Fawry-Banking-Payment-Technology-Services-Giza-Egypt?o=42&l=sp&t=sj&a=python|search-v3|spbg
DevOps Engineer,almentor -,21 days ago,"Maadi, Cairo, Egypt ",Full TimeExperienced · 2 - 4 Yrs of Exp · IT/Software Development · Engineering - Telecom/Technology · Computer Engineering · DevOps · Information Technology (IT) · Software Development · Python · Devops Engineer · Linux · Computer Science,https://wuzzuf.net/jobs/p/tTNQ5eaxpMXt-Backend-Developer-mtor-Cairo-Egypt?o=143&l=sp&t=sj&a=python|search-v3|spbg
Technical Consultant,FlairsTech -,22 days ago,"Cairo, Egypt ",Full TimeExperienced · 3+ Yrs of Exp · IT/Software Development · Information Technology (IT) · Python · RESTful APIs · Linux,https://wuzzuf.net/jobs/p/DE9GhJzIFsIq-Software-Projects-Delivery-Lead-Smartera-3S-Cairo-Egypt?o=63&l=sp&t=sj&a=python|search-v3|spbg
Data Science Instructor,EpsilonAI -,20 days ago,"Nasr City, Cairo, Egypt ",Full TimePart TimeEntry Level · 1+ Yrs of Exp · IT/Software Development · Engineering - Telecom/Technology · Training/Instructor · Data Science · Computer Science · Computer Engineering · Python · Machine Learning · Deep Learning · Artificial Intelligence (AI),https://wuzzuf.net/jobs/p/YuLSMDJoCDJ6-Senior-Python-Django-Full-Stack-Developer-LINK-Development-Cairo-Egypt?o=20&l=sp&t=sj&a=python|search-v3|spbg
Senior Software Engineer - Full Stack (100% Remote),Anoma Tech USA -,20 days ago,"Cairo, Egypt ",Full TimeWork From HomeExperienced · 5 - 7 Yrs of Exp · IT/Software Development · Engineering - Telecom/Technology · Full Stack Development · Software Development · React.js · Node.js · Python · Agile · Cloud · Computer Science,https://wuzzuf.net/jobs/p/HJxAYU5mD9G3-MIS-Analyst-OPEX-Egypt-Cairo-Egypt?o=168&l=sp&t=sj&a=python|search-v3|spbg
Junior Software Developer,Target Recruitment  & HR Solutions  -,18 days ago,"Nasr City, Cairo, Egypt ",Full TimeEntry Level · 1+ Yrs of Exp · IT/Software Development · Engineering - Telecom/Technology · Java · Linux · Software Development · Computer Science · Computer Engineering · Python Scripting · SQL · Software Engineering,https://wuzzuf.net/jobs/p/wBlahXywywbh-Senior-Data-Scientist-Talenter-Giza-Egypt?o=41&l=sp&t=sj&a=python|search-v3|spbg
Senior DevOps Engineer,EgyProTech -,21 days ago,"Maadi, Cairo, Egypt ",Full TimeExperienced · 2+ Yrs of Exp · IT/Software Development · Engineering - Telecom/Technology · DevOps · Docker · Linux · Engineering · Computer Science · Cloud Computing · Ansible · CI/CD,https://wuzzuf.net/jobs/p/LMBvlEWgc2a0-Software-Support-Engineer-Trufla-Cairo-Egypt?o=130&l=sp&t=sj&a=python|search-v3|spbg
Senior R&D software Engineer - .NET,AGI -,19 days ago,"6th of October, Giza, Egypt ",Full TimeExperienced · 4 - 5 Yrs of Exp · IT/Software Development · Engineering - Telecom/Technology · Agile · .Net · Computer Science · ASP.Net · Design · Information Technology (IT) · Git · MVC,https://wuzzuf.net/jobs/p/NwkBDJbSOa5T-System-Administrator-Linux---Alexandria-Softxpert-Incorporation-Alexandria-Egypt?o=124&l=sp&t=sj&a=python|search-v3|spbg
System Administrator IT,Tartoussieh for Engineering -,22 days ago,"Bourj Alarab, Alexandria, Egypt ",Full TimeExperienced · 2 - 3 Yrs of Exp · IT/Software Development · Engineering - Telecom/Technology · Computer Engineering · Information Technology (IT) · Engineering · IT · Computer Science · System administrator · MCSA · Python,https://wuzzuf.net/jobs/p/GuLTI6d9IdOA-Smart-Manufacturing-Engineer---Alexandria-Prometeon-Tyres-Group-–-Egypt-Ex-Pirelli-Tyres-Egypt-Alexandria-Egypt?o=171&l=sp&t=sj&a=python|search-v3|spbg
Senior Odoo Implementer,Unity -,20 days ago,"Nasr City, Cairo, Egypt ",Full TimeWork From HomeExperienced · 3+ Yrs of Exp · IT/Software Development · Engineering - Telecom/Technology · Software Development · Development · Information Technology (IT) · Computer Science · Odoo · Odoo Development · Odoo ERP · Odoo POS,https://wuzzuf.net/jobs/p/fctqvrZBuh7V-Senior-Full-Stack-Developer-e-Aswaaq-Misr-Giza-Egypt?o=178&l=sp&t=sj&a=python|search-v3|spbg
Senior Devops Engineer,Andela -,22 days ago,"Cairo, Egypt ",Full TimeFreelance / ProjectWork From HomeExperienced · 2 - 8 Yrs of Exp · IT/Software Development · Engineering - Telecom/Technology · Computer Science · Information Technology (IT) · Software Development · Software Engineering · Engineering · Software · Development · Agile,https://wuzzuf.net/jobs/p/mJtTK9Od3DpB-Technical-Lead---Software-Engineer-Cairo-Egypt?o=187&l=sp&t=sj&a=python|search-v3|spbg
ETL Developer,Dataplus -,24 days ago,"Cairo, Egypt ",Full TimeExperienced · 3 - 5 Yrs of Exp · IT/Software Development · Engineering - Telecom/Technology · ETL · SQL · Python · Informatica · SSIS · Talend · IBM DataStage · Information Technology (IT),https://wuzzuf.net/jobs/p/iechGl4TG6q8-Applied-Machine-Learning-Engineer-Computer-Vision-Scientist-412labs-com-Cairo-Egypt?o=29&l=sp&t=sj&a=python|search-v3|spbg
Senior Business Analyst,Target Recruitment  & HR Solutions  -,22 days ago,"Cairo, Egypt ",Full TimeExperienced · 5 - 8 Yrs of Exp · IT/Software Development · Analyst/Research · Engineering - Telecom/Technology · JIRA · Python · HP Quality Center · SQL · R Programming · analyst · research,https://wuzzuf.net/jobs/p/i1aIS0qJ5pgR-Odoo-Developer-Smart-Technologies-Cairo-Egypt?o=45&l=sp&t=sj&a=python|search-v3|spbg
Odoo Developer,Yodawy -,21 days ago,"Cairo, Egypt ",Full TimeExperienced · 2 - 4 Yrs of Exp · IT/Software Development · Engineering - Telecom/Technology · Odoo · Software Development · GitHub · HTML · PostgreSQL · JavaScript · JQuery · ORM,https://wuzzuf.net/jobs/p/XIRK0HBcXhXC-Team-Lead-Data-Scientist-Fawry-Banking-Payment-Technology-Services-Giza-Egypt?o=183&l=sp&t=sj&a=python|search-v3|spbg
Senior Odoo Developer,Confidential -,21 days ago,"Dokki, Giza, Egypt ",Full TimeExperienced · 2 - 5 Yrs of Exp · IT/Software Development · Engineering - Telecom/Technology · Computer Science · Information Technology (IT) · Python · Odoo · Software Development · XML · API · Programming,https://wuzzuf.net/jobs/p/1ZQiaTzAH9nC-Senior-DevOps-Engineer-Cegedim-Cairo-Egypt?o=30&l=sp&t=sj&a=python|search-v3|spbg
Odoo Developer,Pan Marine Group -,25 days ago,"Alexandria, Egypt ",Full TimeExperienced · 2 - 4 Yrs of Exp · IT/Software Development · Engineering - Telecom/Technology · Software · Software Engineering · Software Development · Information Technology (IT) · Computer Science · SQL · Python · javaScript,https://wuzzuf.net/jobs/p/isapAqBIAwwl-Senior-Software-Developer-GET-Group--Egypt-Cairo-Egypt?o=128&l=sp&t=sj&a=python|search-v3|spbg
Full Stack Developer,Alternative Education -,26 days ago,"Cairo, Egypt ",Full TimeExperienced · 2 - 4 Yrs of Exp · IT/Software Development · Engineering - Telecom/Technology · Engineering · Development · Information Technology (IT) · React · Git · Software Development · Node.js · JavaScript,https://wuzzuf.net/jobs/p/gp26agMajhNH-Django-Web-Developer-Sydney-Australia?o=129&l=sp&t=sj&a=python|search-v3|spbg
Big Data Developer,Path-Solutions -,27 days ago,"Maadi, Cairo, Egypt ",Full TimeExperienced · 5+ Yrs of Exp · IT/Software Development · Engineering - Telecom/Technology · Information Technology (IT) · Computer Science · Hadoop Ecosystem · Sqoop · Flume · Oozie · Spark · Python,https://wuzzuf.net/jobs/p/chjzKM9Mf4mG-Python-Programmer-Dumiah-animation-studio-Cairo-Egypt?o=19&l=sp&t=sj&a=python|search-v3|spbg
Mid-Senior Level Back-End Software Developer (Remote),skora tech -,28 days ago,"Doha, Qatar ",Full TimeWork From HomeExperienced · 2 - 5 Yrs of Exp · IT/Software Development · Engineering - Telecom/Technology · Python · Computer Science · MySQL · Software Development · Software Engineering · Docker · Java · AWS,https://wuzzuf.net/jobs/p/CKTtsGR7IOLD-DevOps-Engineer-Site-Reliability-Engineer---Jumia-Pay-Jumia-Cairo-Egypt?o=43&l=sp&t=sj&a=python|search-v3|spbg
Senior Software Engineer,dKilo -,27 days ago,"Sheraton, Cairo, Egypt ",Full TimeExperienced · 3+ Yrs of Exp · IT/Software Development · Engineering - Telecom/Technology · back-end · PHP · Laravel · Software Engineering · Laravel Framework · Framework · developer · Software Development,https://wuzzuf.net/jobs/p/fUKC4oGqel3z-Senior-RD-software-Engineer---NET-AGI-Giza-Egypt?o=74&l=sp&t=sj&a=python|search-v3|spbg
App Developer,Recovery franchise marketing services  -,26 days ago,"6th of October, Giza, Egypt ",Full TimeExperienced · 2 - 10 Yrs of Exp · IT/Software Development · Engineering - Telecom/Technology · Computer Science · computer · Information Technology (IT) · Programming · JavaScript · Python · Software Design · Software Development,https://wuzzuf.net/jobs/p/1sFeSOZQcjHv-Azure-Linux-Consultant-Global-Brands-Cairo-Egypt?o=156&l=sp&t=sj&a=python|search-v3|spbg
Senior RPA Developer (.Net),SmartTech Systems -,26 days ago,"Nasr City, Cairo, Egypt ",Full TimeExperienced · 3 - 5 Yrs of Exp · IT/Software Development · Engineering - Telecom/Technology · Angular · Node.js · Linux · Python · English · Computer Science · Development · Software Development,https://wuzzuf.net/jobs/p/yvDfseeON4Ji-Internship-Software-Quality-Control-Tester---Alexandria-Procrew-Alexandria-Egypt?o=155&l=sp&t=sj&a=python|search-v3|spbg
ERPNext Developer,DIRAC SYSTEMS -,29 days ago,"Heliopolis, Cairo, Egypt ",Full TimeExperienced · 3 - 10 Yrs of Exp · IT/Software Development · Engineering - Telecom/Technology · ERP · Computer Science · Engineering · Python · JavaScript · Jinja · CSS · HTML,https://wuzzuf.net/jobs/p/ddKSqn0UQe3c-Oracle-APEX-Developer-Edrak-United-Cairo-Egypt?o=198&l=sp&t=sj&a=python|search-v3|spbg
BI Consultant,Dataplus -,26 days ago,"Cairo, Egypt ",Full TimeExperienced · 3 - 5 Yrs of Exp · IT/Software Development · Analyst/Research · Analysis · Data Modeling · BI · Python · SQL · Tableau · alteryx · Talend,https://wuzzuf.net/jobs/p/IOKNSDaLYrNy-Python-Developer-Ecommerce-ERP-System-Odoo---Fluent-English-Fekra-Technology-Solutions-and-Construction-Giza-Egypt?o=11&l=sp&t=sj&a=python|search-v3|spbg
Mid-Level Developer / REST API / Microservices - UK Team - (Alexandria),Procrew -,27 days ago,"San Stefano, Alexandria, Egypt ",Full TimeExperienced · 3+ Yrs of Exp · IT/Software Development · Engineering - Telecom/Technology · MySQL · javaScript · Software Development · Programming · Git · Information Technology (IT) · Front-End · Full-Stack,https://wuzzuf.net/jobs/p/fvUmVuhazaPo-Principal-DevOps-Engineer-A1Softech-Cairo-Egypt?o=34&l=sp&t=sj&a=python|search-v3|spbg
Devops Engineer,Confidential -,27 days ago,"New Cairo, Cairo, Egypt ",Full TimeExperienced · 5+ Yrs of Exp · IT/Software Development · Engineering - Telecom/Technology · DevOps · Computer Science · Software Development · Docker · Kubernetes · Information Technology (IT) · Software Engineering · SQL,https://wuzzuf.net/jobs/p/nHD9AbqnlMSY-Computer-Science-Instructor-Game-development-iSchool-Cairo-Egypt?o=38&l=sp&t=sj&a=python|search-v3|spbg
IoT Solutions Engineer,Interact Technology Solutions -,27 days ago,"Maadi, Cairo, Egypt ",Full TimeExperienced · 5+ Yrs of Exp · IT/Software Development · Engineering - Telecom/Technology · Microsoft Office · OOP concept · C# · ASP.NET · JavaScript · SQL · Microsoft CRM · SharePoint,https://wuzzuf.net/jobs/p/RXelFjsM7g3h-Junior-Infrastructure-Developer-Quality-unit-Cairo-Egypt?o=50&l=sp&t=sj&a=python|search-v3|spbg
Machine Learning Engineer,Confidential -,27 days ago,"New Cairo, Cairo, Egypt ",Full TimeExperienced · 3+ Yrs of Exp · IT/Software Development · Analyst/Research · Engineering - Telecom/Technology · Computer Science · Data Science · Information Technology (IT) · Java · Statistics · Computer Engineering · Machine Learning,https://wuzzuf.net/jobs/p/Lnuu7I6zTCew-Junior-RD-Software-Engineer---NET-AGI-Giza-Egypt?o=65&l=sp&t=sj&a=python|search-v3|spbg
Full Stack Software Engineer,TensorGraph -,27 days ago,"Maadi, Cairo, Egypt ",Full TimeEntry Level · 1 - 3 Yrs of Exp · IT/Software Development · Engineering - Telecom/Technology · Angular · Design · JavaScript · Programming · Node.js · Software Engineering · Information Technology (IT) · Computer Science,https://wuzzuf.net/jobs/p/Gcn79PJIQEyl-Test-Automation-Engineer-AFKAR-Technology-Giza-Egypt?o=120&l=sp&t=sj&a=python|search-v3|spbg
DevOps Engineer,Confidential -,28 days ago,"Cairo, Egypt ",Full TimeExperienced · 2 - 9 Yrs of Exp · IT/Software Development · Engineering - Telecom/Technology · Git · Python · Ruby · Scripting · SQL · DevOps · Software Development · Software,https://wuzzuf.net/jobs/p/RHA0h44hiEw5-Automation-Test-Engineer-Cairo-Egypt?o=193&l=sp&t=sj&a=python|search-v3|spbg
Mid-Senior Level Front-End Software Developer (Remote),skora tech -,28 days ago,"Doha, Qatar ",Full TimeWork From HomeExperienced · 2 - 5 Yrs of Exp · IT/Software Development · Engineering - Telecom/Technology · Software · Software Development · Android · Computer Science · Data Science · developer · Information Technology (IT) · JavaScript,https://wuzzuf.net/jobs/p/WvkF79QaniWF-Senior-Business-Analyst-Target-Recruitment-HR-Solutions-Cairo-Egypt?o=79&l=sp&t=sj&a=python|search-v3|spbg
Full Stack Web Developer,Confidential -,27 days ago,"New Cairo, Cairo, Egypt ",Full TimeExperienced · 5+ Yrs of Exp · IT/Software Development · Engineering - Telecom/Technology · Software Development · Software Engineering · Full Stack · javaScript · Information Technology (IT) · Computer Science · HTML · CSS,https://wuzzuf.net/jobs/p/qZ2W8Q0izdWR-Senior-Python-Developer---Remote-Nile-Bits-LLC-Giza-Egypt?o=1&l=sp&t=sj&a=python|search-v3|spbg
Computer Vision Engineer,Confidential -,28 days ago,"Cairo, Egypt ",Full TimePart TimeWork From HomeEntry Level · 1+ Yrs of Exp · IT/Software Development · Engineering - Telecom/Technology · Engineering · Computer Science · Information Technology (IT) · Java · OOP · Python · Software · Software Development,https://wuzzuf.net/jobs/p/VumyhGz4dcs6-Web-Developer-Engosoft-Cairo-Egypt?o=46&l=sp&t=sj&a=python|search-v3|spbg
Odoo Developer,Confidential -,29 days ago,"Nasr City, Cairo, Egypt ",Full TimeExperienced · 2 - 5 Yrs of Exp · IT/Software Development · Engineering - Telecom/Technology · Python · Odoo · Software Development · Web Development · javaScript · JQuery · CSS · HTML,https://wuzzuf.net/jobs/p/nbwYixuTNXkr-BI-Consultant-Dataplus-Cairo-Egypt?o=90&l=sp&t=sj&a=python|search-v3|spbg
DevOps Engineer,Beshara -,28 days ago,"Nasr City, Cairo, Egypt ",Full TimeExperienced · 3+ Yrs of Exp · IT/Software Development · Engineering - Telecom/Technology · Information Technology (IT) · DevOps · Software Development · Computer Engineering · Computer Science · Python · Java · Git,https://wuzzuf.net/jobs/p/nJdH5LxZg7zh-Mid-Senior-Level-Front-End-Software-Developer-Remote-skora-tech-Doha-Qatar?o=97&l=sp&t=sj&a=python|search-v3|spbg
System Engineer - Application Performance Monitoring (APM),Ejada (Cairo) -,27 days ago,"Cairo, Egypt ",Full TimeEntry Level · 1 - 5 Yrs of Exp · IT/Software Development · Engineering - Telecom/Technology · AppDynamics · .Net · Java · NodeJS · PHP · Linux · Bash · Perl,https://wuzzuf.net/jobs/p/XYGjeY8JG4ez-Application-Support-Engineer-Alexandria-Egypt?o=192&l=sp&t=sj&a=python|search-v3|spbg
DevOps Engineer,Coral Technology -,29 days ago,"Nasr City, Cairo, Egypt ",Full TimeExperienced · 3 - 5 Yrs of Exp · IT/Software Development · Engineering - Telecom/Technology · Computer Science · DevOps · AWS · Software Development · Git · #GCP · Jenkins · Engineering,https://wuzzuf.net/jobs/p/dNftBCBABfn3-Senior-GIS-Engineer-Interact-Technology-Solutions-Cairo-Egypt?o=47&l=sp&t=sj&a=python|search-v3|spbg
Senior Front End Developer - React,Trufla -,29 days ago,"Heliopolis, Cairo, Egypt ",Full TimeExperienced · 3+ Yrs of Exp · IT/Software Development · Engineering - Telecom/Technology · JavaScript · Front-End · Software Development · Web Development · Computer Science · JQuery · Angular · HTML,https://wuzzuf.net/jobs/p/BMkIYbqPISja-Software-Project-Manager-Charisma-Design-Cairo-Egypt?o=169&l=sp&t=sj&a=python|search-v3|spbg
Software Business Analyst - KSA,Confidential -,1 month ago,"Alexandria, Egypt ",Full TimeFreelance / ProjectExperienced · 3 - 10 Yrs of Exp · IT/Software Development · Analyst/Research · Engineering - Telecom/Technology · Business Analysis · business · Data · Information Technology (IT) · Business Intelligence · SQL · Microsoft Excel,https://wuzzuf.net/jobs/p/JXSY9jxadJPU-Senior-Machine-Learning-Engineer-NLP-Botit-Cairo-Egypt?o=108&l=sp&t=sj&a=python|search-v3|spbg
NodeJS Backend Developer,Rytalo -,1 month ago,"Obour City, Cairo, Egypt ",Full TimeWork From HomeExperienced · 3+ Yrs of Exp · IT/Software Development · Engineering - Telecom/Technology · Engineering · Computer Science · Information Technology (IT) · Software Development · Microservices · NoSQL · Nodejs · javaScript,https://wuzzuf.net/jobs/p/XrebUFid2cwu-Telecom-Customer-Service-Provisioning-Representative-VoIP-Tlnted-Cairo-Egypt?o=59&l=sp&t=sj&a=python|search-v3|spbg
Senior Java Developer / Software Engineer,Egybell -,1 month ago,"Nasr City, Cairo, Egypt ",Full TimeExperienced · 3 - 5 Yrs of Exp · IT/Software Development · Engineering - Telecom/Technology · AWS · React · ORM · Python · Java · SQL · Software Engineering · Software Development,https://wuzzuf.net/jobs/p/DqW4t4pjmmV2-Big-Data-Engineer-Paymob-Solutions-Cairo-Egypt?o=162&l=sp&t=sj&a=python|search-v3|spbg
Senior Machine Learning Engineer (NLP),Botit -,1 month ago,"Downtown, Cairo, Egypt ",Full TimeExperienced · 3 - 8 Yrs of Exp · R&D/Science · IT/Software Development · Engineering - Telecom/Technology · Machine Learning · Python · NLP · Engineering · Software Engineering · Mathematics · Computer Science,https://wuzzuf.net/jobs/p/tEQzDxqDzZKC-Senior-Front-End-Developer---Alexandria-Caduceus-Lane-Alexandria-Egypt?o=145&l=sp&t=sj&a=python|search-v3|spbg
Devops Engineer - Software Development,Rasan -,1 month ago,"Nasr City, Cairo, Egypt ",Full TimeExperienced · 2 - 6 Yrs of Exp · IT/Software Development · Engineering - Telecom/Technology · Agile · AWS · Computer Science · DevOps · Docker · Engineering · Information Technology (IT) · Java,https://wuzzuf.net/jobs/p/NAaBAponD8S3-Junior-Odoo-Developer-Minds-solutions-Cairo-Egypt?o=153&l=sp&t=sj&a=python|search-v3|spbg
Senior Backend Developer Node JS,StatsBomb -,1 month ago,"Nasr City, Cairo, Egypt ",Full TimeExperienced · 3 - 5 Yrs of Exp · IT/Software Development · Engineering - Telecom/Technology · Computer Science · Information Technology (IT) · Agile · Software · Node.js · Python · SQL · Github,https://wuzzuf.net/jobs/p/tqFpCRbDOvvG-Senior-Front-End-Developer-yelloco-Cairo-Egypt?o=166&l=sp&t=sj&a=python|search-v3|spbg
DevOps Engineer (Remote/WFH),Deriv.com -,1 month ago,"Cairo, Egypt ",Full TimeWork From HomeExperienced · 3 - 8 Yrs of Exp · IT/Software Development · Engineering - Telecom/Technology · AWS · Python · DevOps · Linux · Computer Science · Software Development · Docker · Engineering,https://wuzzuf.net/jobs/p/fsmnujLF6PQI-Odoo-Specialist---Cairo-Collars-HR-Cairo-Egypt?o=25&l=sp&t=sj&a=python|search-v3|spbg
Data Scientist,BlinkApp -,1 month ago,"Nasr City, Cairo, Egypt ",Full TimeExperienced · 3 - 5 Yrs of Exp · IT/Software Development · Analyst/Research · Engineering - Telecom/Technology · Computer Science · Data Science · Information Technology (IT) · Machine Learning · MongoDB · Naive Bayes · NLP,https://wuzzuf.net/jobs/p/x783eTC7wuKH-Software-Developer-Everlast-Cairo-Egypt?o=35&l=sp&t=sj&a=python|search-v3|spbg
Computer Science Teacher,iSchool -,1 month ago,"New Cairo, Cairo, Egypt ",Full TimeWork From HomeEntry Level · 0 - 10 Yrs of Exp · IT/Software Development · Education/Teaching · Training/Instructor · Computer Science · Instructor · Training · Teaching · Science · Computer · Programming,https://wuzzuf.net/jobs/p/cPzC9p6msnu9-Senior-Backend-Developer-Node-JS-StatsBomb-Cairo-Egypt?o=110&l=sp&t=sj&a=python|search-v3|spbg
Computer Science Instructor,iSchool -,1 month ago,"New Cairo, Cairo, Egypt ",Full TimeWork From HomeEntry Level · 0 - 6 Yrs of Exp · IT/Software Development · Education/Teaching · Training/Instructor · Computer Science · Instructor · Training · Teaching · Science · Computer · Programming,https://wuzzuf.net/jobs/p/yOJbL5fSwQoO-Unity-Game-Developer-iSchool-Cairo-Egypt?o=199&l=sp&t=sj&a=python|search-v3|spbg
Odoo Developer,Confidential -,1 month ago,"Heliopolis, Cairo, Egypt ",Full TimeExperienced · 3 - 5 Yrs of Exp · IT/Software Development · Engineering - Telecom/Technology · Computer Science · Python · Programming · Development · Information Technology (IT) · Odoo · Git · HTML,https://wuzzuf.net/jobs/p/AXjrEws68gem-Senior-Odoo-Implementer-Unity-Cairo-Egypt?o=76&l=sp&t=sj&a=python|search-v3|spbg
Data Analyst,Fund Ourselves Ltd -,1 month ago,"Downtown, Cairo, Egypt ",Full TimeEntry Level · 1 - 3 Yrs of Exp · IT/Software Development · Analyst/Research · Engineering - Telecom/Technology · Analysis · Python · Information Technology (IT) · Mathematics · Data Analysis · Data · Computer Science,https://wuzzuf.net/jobs/p/0sAcifgC0loM-Technical-Consultant-FlairsTech-Cairo-Egypt?o=69&l=sp&t=sj&a=python|search-v3|spbg
Senior Backend Developer,Digified -,1 month ago,"Maadi, Cairo, Egypt ",Full TimeExperienced · 4 - 6 Yrs of Exp · IT/Software Development · Engineering - Telecom/Technology · Backend developer · Python · JavaScript · Computer Science · Software · Git · Docker · Kubernetes,https://wuzzuf.net/jobs/p/FcpPgjUbaqIU-Full-Stack-Developer-TTC-Technologies-Cairo-Egypt?o=196&l=sp&t=sj&a=python|search-v3|spbg
SRE/DevOps Engineer,Agolo -,1 month ago,"Maadi, Cairo, Egypt ",Full TimeEntry Level · 1 - 3 Yrs of Exp · IT/Software Development · Engineering - Telecom/Technology · Information Technology (IT) · DevOps · GIT · Linux · Microsoft Azure · Engineering · Telecommunication · Azure,https://wuzzuf.net/jobs/p/d2HXWUsj5gHB-PHP-Developer-EBE-Giza-Egypt?o=190&l=sp&t=sj&a=python|search-v3|spbg
Data Engineer,Ashtar.app -,1 month ago,"Maadi, Cairo, Egypt ",Full TimeExperienced · 3 - 6 Yrs of Exp · IT/Software Development · Analyst/Research · Engineering - Telecom/Technology · Computer Science · Information Technology (IT) · Software Development · SQL · Analysis · Python · Big Data,https://wuzzuf.net/jobs/p/HJdz7nXMzlK6-Systems-Analyst-Cairo-Egypt?o=61&l=sp&t=sj&a=python|search-v3|spbg
Test Automation Engineer,AFKAR Technology -,1 month ago,"Smart Village, Giza, Egypt ",Full TimeExperienced · 5 - 7 Yrs of Exp · IT/Software Development · Quality · Engineering - Telecom/Technology · Automation · Java · RPA · C# · Software Testing · Selenium · Testing,https://wuzzuf.net/jobs/p/Hfu4ibKWHCv4-ETL-Developer-Dataplus-Cairo-Egypt?o=78&l=sp&t=sj&a=python|search-v3|spbg
Machine Learning Engineer,Digified -,1 month ago,"Maadi, Cairo, Egypt ",Full TimeExperienced · 2 - 4 Yrs of Exp · IT/Software Development · Engineering - Telecom/Technology · Deep Learning · Machine Learning · OpenCV · Python · NLP · Git · Docker · Information Technology (IT),https://wuzzuf.net/jobs/p/tLRZxOYmdFOQ-NodeJS-Backend-Developer-Rytalo-Cairo-Egypt?o=106&l=sp&t=sj&a=python|search-v3|spbg
DevOps Engineer,Beyond Solution -,1 month ago,"Maadi, Cairo, Egypt ",Full TimeExperienced · 2 - 4 Yrs of Exp · IT/Software Development · Engineering - Telecom/Technology · CI/CD · Computer Science · Docker · HTTP · Information Technology (IT) · Kubernetes · Linux · DevOps,https://wuzzuf.net/jobs/p/FzYzuYrBDOSF-IoT-Solutions-Engineer-Interact-Technology-Solutions-Cairo-Egypt?o=93&l=sp&t=sj&a=python|search-v3|spbg
Odoo Developer,ExtraMile EGY  -,1 month ago,"Nasr City, Cairo, Egypt ",Full TimeEntry Level · 1+ Yrs of Exp · IT/Software Development · Engineering - Telecom/Technology · Odoo · Odoo Development · Odoo ERP · JavaScript · Python · Git · HTML · Linux,https://wuzzuf.net/jobs/p/8BhrFBUaaldb-Senior-Software-Developer-Focusing-on-PHP-TMentors-Cairo-Egypt?o=181&l=sp&t=sj&a=python|search-v3|spbg
System Administrator (Linux) - Alexandria,Softxpert Incorporation  -,1 month ago,"Alexandria, Egypt ",Full TimeExperienced · 2 - 4 Yrs of Exp · IT/Software Development · Engineering - Telecom/Technology · Administration · Cloud · Engineering · System Administration · Computer Science · English · Information Technology (IT) · MySQL,https://wuzzuf.net/jobs/p/auW3aQ2sJ0tN-IT-Admin-FlairsTech-Cairo-Egypt?o=191&l=sp&t=sj&a=python|search-v3|spbg
Linux Engineer,ExaServe LLC -,1 month ago,"Nasr City, Cairo, Egypt ",Full TimeExperienced · 3+ Yrs of Exp · IT/Software Development · Engineering - Telecom/Technology · Python · DevOps · Ansible · Linux · Bash · Docker · AWS · Cloud,https://wuzzuf.net/jobs/p/X8WqVRnGVNBt-Python-Developer-RUUF-Cairo-Egypt?o=2&l=sp&t=sj&a=python|search-v3|spbg
Business Analysis Supervisor,Ibn Sina Pharma -,1 month ago,"New Cairo, Cairo, Egypt ",Full TimeManager · 5 - 7 Yrs of Exp · Business Development · IT/Software Development · Analyst/Research · Administration · Analysis · Business Administration · Business Analysis · Communication · Communication skills · Computer Science,https://wuzzuf.net/jobs/p/D2xoKaFupdV6-Back-End-Developer-Everlast-Cairo-Egypt?o=39&l=sp&t=sj&a=python|search-v3|spbg
DevOps Engineer,Confidential -,1 month ago,"Cairo, Egypt ",Full TimeWork From HomeExperienced · 2+ Yrs of Exp · IT/Software Development · Engineering - Telecom/Technology · Software Development · DevOps · Azure · CI/CD · Cloud · Computer Science · Information Technology (IT) · Jenkins,https://wuzzuf.net/jobs/p/BUl8buhff6Qf-Senior-Penetration-Tester-Union-Coop-Giza-Egypt?o=66&l=sp&t=sj&a=python|search-v3|spbg
Senior Software Developer,GET Group- Egypt -,1 month ago,"Sheraton, Cairo, Egypt ",Full TimeExperienced · 4 - 7 Yrs of Exp · IT/Software Development · Engineering - Telecom/Technology · Information Technology (IT) · Computer Science · Computer Engineering · Software Development · Software Engineering · C# · WCF · WPF,https://wuzzuf.net/jobs/p/yi8XAGgKDmnN-Data-Scientist-Cairo-Egypt?o=184&l=sp&t=sj&a=python|search-v3|spbg
Django Web Developer,Confidential -,2 months ago,"Sydney, Australia ",Full TimeWork From HomeExperienced · 2 - 4 Yrs of Exp · IT/Software Development · Engineering - Telecom/Technology · Django · Django Framework · React · React.js · React js · Git · AWS · EC2,https://wuzzuf.net/jobs/p/siSe2DSDszBc-Full-Stack-Developer-PythonReact--Fluent-English-Fekra-Technology-Solutions-and-Construction-Giza-Egypt?o=10&l=sp&t=sj&a=python|search-v3|spbg
Software Support Engineer,Trufla -,1 month ago,"Heliopolis, Cairo, Egypt ",Full TimeExperienced · 2+ Yrs of Exp · Installation/Maintenance/Repair · IT/Software Development · Engineering - Telecom/Technology · Technical Support · Software · Technical Office · Computer Science · MySQL · Git · PHP,https://wuzzuf.net/jobs/p/qaE1P7NnCx6a-Security-Testing-Engineer-Ejada-Cairo-Cairo-Egypt?o=137&l=sp&t=sj&a=python|search-v3|spbg
Sr. Data Scientist - NLP / Video analytics,Confidential -,1 month ago,"Cairo, Egypt ",Full TimeExperienced · 2+ Yrs of Exp · IT/Software Development · Engineering - Telecom/Technology · Computer Science · data scientist · Mathematics · Machine Learning · SQL · Python · NoSQL · Tableau,https://wuzzuf.net/jobs/p/nCt4aRjEndrx-Big-Data-Developer-Path-Solutions-Cairo-Egypt?o=84&l=sp&t=sj&a=python|search-v3|spbg
Lead Software Engineer (Typescript/Node) (REMOTE),Aurora Tech N.V. -,2 months ago,"Cairo, Egypt ",Full TimeWork From HomeManager · 2 - 6 Yrs of Exp · IT/Software Development · Engineering - Telecom/Technology · JavaScript · MySQL · Programming · Software Development · Software Engineering · APIs · Agile · Computer Science,https://wuzzuf.net/jobs/p/Hw8kfRBHDRBR-Software-Business-Analyst---KSA-Alexandria-Egypt?o=105&l=sp&t=sj&a=python|search-v3|spbg
Senior iOS Developer,Ibtikar -,2 months ago,"Cairo, Egypt ",Full TimeWork From HomeExperienced · 2 - 6 Yrs of Exp · IT/Software Development · Engineering - Telecom/Technology · React · SDK · Software Development · Testing · Android · Apple · Computer Science · Development,https://wuzzuf.net/jobs/p/C2WEWy7oF1Or-Senior-Devops-Engineer-Cairo-Egypt?o=150&l=sp&t=sj&a=python|search-v3|spbg
Blockchain & Ethereum Specialist,Confidential -,2 months ago,"Cairo, Egypt ",Full TimeWork From HomeEntry Level · IT/Software Development · Engineering - Mechanical/Electrical · Bitcoin · blockchain · Computer Science · Engineering · Ethereum · Information Technology (IT) · PHP · MySQL,https://wuzzuf.net/jobs/p/VfBqRwjT0yYl-Odoo-Developer-Albassami-International-Group-Cairo-Egypt?o=53&l=sp&t=sj&a=python|search-v3|spbg
Data Scientist / Machine Learning Engineer,Lun Development -,2 months ago,"Nasr City, Cairo, Egypt ",Full TimeExperienced · 2+ Yrs of Exp · IT/Software Development · Analyst/Research · Engineering - Telecom/Technology · Computer Science · Data · data scientist · Information Technology (IT) · Machine · Machine Learning · Python,https://wuzzuf.net/jobs/p/Vd4i0r8JvEtT-Sr-Information-Security-Engineer---DevSecOps-EastNets-Cairo-Egypt?o=185&l=sp&t=sj&a=python|search-v3|spbg
Odoo Developer,Egyptian Cultural Center -,6 days ago,"Nasr City, Cairo, Egypt ",Full TimeExperienced · 2 - 3 Yrs of Exp · IT/Software Development · Engineering - Telecom/Technology · Computer Science · CSS · Engineering · Git · HTML · Information Technology (IT) · JavaScript · jQuery,https://wuzzuf.net/jobs/p/65F4tqFMFax7-Odoo-Developer-ExtraMile-EGY-Cairo-Egypt?o=123&l=sp&t=sj&a=python|search-v3|spbg
Security Testing Engineer,Ejada (Cairo) -,2 months ago,"Cairo, Egypt ",Full TimeExperienced · 5 - 7 Yrs of Exp · IT/Software Development · Engineering - Telecom/Technology · Python · Frameworks · Linux · OWASP · PHP · TCP · Testing · OWASP ZAP,https://wuzzuf.net/jobs/p/b4SbbyaNB1Hk-Market-Research-Manager---Mobile-Phones-IDC-Giza-Egypt?o=172&l=sp&t=sj&a=python|search-v3|spbg
Senior Linux System Engineer,Link Datacenter -,2 months ago,"Dokki, Giza, Egypt ",Full TimeExperienced · 3 - 5 Yrs of Exp · Installation/Maintenance/Repair · IT/Software Development · Engineering - Telecom/Technology · Engineering · Communication Engineering · Information Technology (IT) · Computer Science · Installation · Maintenance · Solaris,https://wuzzuf.net/jobs/p/qUsnfsXYd18o-Python-Developer-Odoo-2B-Cairo-Egypt?o=16&l=sp&t=sj&a=python|search-v3|spbg
Ruby on Rails Developer,nformacy -,2 months ago,"Cairo, Egypt ",Full TimeWork From HomeExperienced · 3+ Yrs of Exp · IT/Software Development · Engineering - Telecom/Technology · Ruby · Ruby on Rails · Database · React · Software Development · Computer Science · Information Technology (IT) · Python,https://wuzzuf.net/jobs/p/xGzRjdHrJj6N-Odoo-Senior-Developer-Minds-solutions-Cairo-Egypt?o=67&l=sp&t=sj&a=python|search-v3|spbg
Data Scientist,DevartLab -,2 months ago,"Cairo, Egypt ",Full TimeExperienced · 2 - 4 Yrs of Exp · IT/Software Development · Analyst/Research · Engineering - Telecom/Technology · Clustering · Computer Science · Data Mining · Data Science · Information Technology (IT) · Machine Learning · mathematical,https://wuzzuf.net/jobs/p/6dnY14bWtXiW-Junior-Python-Developer-Cairo-Egypt?o=9&l=sp&t=sj&a=python|search-v3|spbg
Software Testing Team Leader,360Imaging -,2 months ago,"Dokki, Giza, Egypt ",Full TimeWork From HomeManager · 7+ Yrs of Exp · IT/Software Development · Quality · Engineering - Telecom/Technology · Software · Software Development · Software Testing · Test Automation · Jira · Computer Science · Information Technology (IT),https://wuzzuf.net/jobs/p/VFyshoyVBe0S-Computer-Science-Instructor-iSchool-Cairo-Egypt?o=114&l=sp&t=sj&a=python|search-v3|spbg
Software Test Automation Engineer,FaceGraph -,2 months ago,"Maadi, Cairo, Egypt ",Full TimeExperienced · 3+ Yrs of Exp · IT/Software Development · Quality · Engineering - Telecom/Technology · Startup · Computer Science · Computer Engineering · Information Technology (IT) · Testing · Software Testing · Android,https://wuzzuf.net/jobs/p/hAJHV0i5JX2p-Data-Scientist-DevartLab-Cairo-Egypt?o=140&l=sp&t=sj&a=python|search-v3|spbg
Backend Developer,mtor -,2 months ago,"Maadi, Cairo, Egypt ",Full TimeExperienced · 3 - 5 Yrs of Exp · IT/Software Development · Engineering - Telecom/Technology · Software Development · Software Engineering · Information Technology (IT) · Computer Science · JavaScript · Java · Python · Programming,https://wuzzuf.net/jobs/p/avtM2EDc8JqF-App-Developer-Recovery-franchise-marketing-services-Giza-Egypt?o=87&l=sp&t=sj&a=python|search-v3|spbg
ERPNext Developer,Takamul Systems -,2 months ago,"Giza, Egypt ",Full TimeEntry Level · 1+ Yrs of Exp · IT/Software Development · Engineering - Telecom/Technology · Computer Science · CSS · ERPNext · Python · JavaScript · Jinja · Engineering · HTML,https://wuzzuf.net/jobs/p/KImaB0d290Z7-Linux-Engineer-ExaServe-LLC-Cairo-Egypt?o=125&l=sp&t=sj&a=python|search-v3|spbg
Senior Front-End Developer - Alexandria,Caduceus Lane -,2 months ago,"Alexandria, Egypt ",Full TimeManager · 5+ Yrs of Exp · IT/Software Development · Engineering - Telecom/Technology · Java · C++ · C# · HTML · CSS · Python · Information Technology (IT) · Adobe Illustrator,https://wuzzuf.net/jobs/p/cJSyN3XKUdHP-Python-Developer-Odoo-ZAD-Solutions-Giza-Egypt?o=3&l=sp&t=sj&a=python|search-v3|spbg
Senior DevOps Engineer,eMushrif -,2 months ago,"Cairo, Egypt ",Full TimeExperienced · 3 - 5 Yrs of Exp · IT/Software Development · Operations/Management · Engineering - Telecom/Technology · DevOps · AWS · Software · Software Development · JavaScript · Jenkins · Linux,https://wuzzuf.net/jobs/p/h6HgqHjdcc2d-Software-Test-Automation-Engineer-FaceGraph-Cairo-Egypt?o=142&l=sp&t=sj&a=python|search-v3|spbg
Data Scientist,Mantrac -,2 months ago,"10th of Ramadan City, Cairo, Egypt ",Full TimeExperienced · 3 - 5 Yrs of Exp · IT/Software Development · Analyst/Research · Engineering - Telecom/Technology · Information Technology (IT) · Telecommunication · SQL · Power BI · Data · data scientist · Python,https://wuzzuf.net/jobs/p/nkPRcESymP0b-Senior-Cloud-DevOps-Engineer-FlairsTech-Cairo-Egypt?o=173&l=sp&t=sj&a=python|search-v3|spbg
Back-End Developer,Smart Medical Services -,2 months ago,"Dokki, Giza, Egypt ",Full TimeEntry Level · 1 - 3 Yrs of Exp · IT/Software Development · Engineering - Telecom/Technology · Software Engineering · Software Development · Angular · APIs · Computer Science · Development · Django · Front end,https://wuzzuf.net/jobs/p/raAJ7Ru7NDVR-Odoo-Developer---Remotely-Urgently-Cairo-Egypt?o=64&l=sp&t=sj&a=python|search-v3|spbg
Senior DevOps Engineer,Evolvice GmbH -,14 days ago,"Maadi, Cairo, Egypt ",Full TimeExperienced · 5+ Yrs of Exp · IT/Software Development · Engineering - Telecom/Technology · DevOps · Docker · Engineering · Information Technology (IT) · Software Development · Computer Science,https://wuzzuf.net/jobs/p/EDzXH16yKxWD-Full-Stack-Software-Engineer-TensorGraph-Cairo-Egypt?o=95&l=sp&t=sj&a=python|search-v3|spbg
Senior Devops Engineer,Confidential -,20 days ago,"New Cairo, Cairo, Egypt ",Full TimeExperienced · 5 - 7 Yrs of Exp · IT/Software Development · Engineering - Telecom/Technology · Information Technology (IT) · DevOps · AWS · Linux · Windows · Agile · Computer Engineering · Computer Science,https://wuzzuf.net/jobs/p/zteme4I290Hs-Senior-Software-QA-Engineer-TEMPO-Cairo-Egypt?o=176&l=sp&t=sj&a=python|search-v3|spbg
Management Trainee -Supply Chain,Landmark Group -,5 days ago,"New Cairo, Cairo, Egypt ",Full TimeEntry Level · 0 - 2 Yrs of Exp · Logistics/Supply Chain · Engineering - Other · Engineering · Retail Business · Supply Chain · Logistics · Logistics Operations · Purchasing,https://wuzzuf.net/jobs/p/A9uXvHAIJab0-Senior-iOS-Developer-Ibtikar-Cairo-Egypt?o=133&l=sp&t=sj&a=python|search-v3|spbg
SME,Sekem -,7 days ago,"Salam City, Cairo, Egypt ",Full TimeExperienced · 3 - 5 Yrs of Exp · IT/Software Development · Operations/Management · Accounting · Purchasing · ERP System · JavaScript · SME · Customer Service,https://wuzzuf.net/jobs/p/hNzqvqrHPQFJ-Odoo-Developer-Yodawy-Cairo-Egypt?o=80&l=sp&t=sj&a=python|search-v3|spbg
Junior Odoo Developer,Minds solutions -,4 days ago,"Maadi, Cairo, Egypt ",Full TimeEntry Level · 0 - 2 Yrs of Exp · IT/Software Development · Engineering - Telecom/Technology · Odoo · HTML · JavaScript · jQuery · PostgreSQL · Computer Science · paython · Payroll System,https://wuzzuf.net/jobs/p/ZQqXjj70w9gT-Backend-Software-Developer-EMIRATES-BARQ-Sharjah-United-Arab-Emirates?o=179&l=sp&t=sj&a=python|search-v3|spbg
GIS Developer,Perfect Presentation -,11 days ago,"6th of October, Giza, Egypt ",Full TimeEntry Level · 1+ Yrs of Exp · IT/Software Development · Engineering - Telecom/Technology · GIS · Computer Science · Information Technology (IT) · Software Development · Software Engineering · jQuery · JavaScript · HTML5,https://wuzzuf.net/jobs/p/Sh7jWq45Z9td-Senior-Python-Developer-Evolvice-GmbH-Cairo-Egypt?o=8&l=sp&t=sj&a=python|search-v3|spbg
Internship Software Quality Control Tester - (Alexandria),Procrew -,20 days ago,"San Stefano, Alexandria, Egypt ",InternshipEntry Level · IT/Software Development · Quality · Engineering - Telecom/Technology · quality · Quality Assurance · Quality Control · QA,https://wuzzuf.net/jobs/p/VlfM6gGKtkjd-Senior-Linux-System-Engineer-Link-Datacenter-Giza-Egypt?o=138&l=sp&t=sj&a=python|search-v3|spbg
Azure Linux Consultant,Global Brands -,27 days ago,"New Cairo, Cairo, Egypt ",Full TimeExperienced · 9+ Yrs of Exp · IT/Software Development · Engineering - Telecom/Technology · Azure · Information Technology (IT) · Linux OS · Microsoft Azure · Virtualization · Azure Platform · Linux · Red Hat,https://wuzzuf.net/jobs/p/hZjKzuel0z10-Python-Django-Team-Leader-Div-Systems-Cairo-Egypt?o=4&l=sp&t=sj&a=python|search-v3|spbg
Software Quality Control Engineer,Kashier Payment Solutions -,1 month ago,"Zamalek, Cairo, Egypt ",Full TimeExperienced · 2 - 5 Yrs of Exp · IT/Software Development · Quality · Engineering - Telecom/Technology · Automation · Computer Science · QC · QA · Testing · Quality Assurance · Quality Control,https://wuzzuf.net/jobs/p/ceaHXZ09uClv-Data-Scientist-BlinkApp-Cairo-Egypt?o=112&l=sp&t=sj&a=python|search-v3|spbg
Full Stack Engineer,DigiFi -,20 days ago,"Heliopolis, Cairo, Egypt ",Full TimeExperienced · 4 - 7 Yrs of Exp · IT/Software Development · Engineering - Telecom/Technology · React.js · MongoDB · Laravel PHP · Computer Engineering · Computer Science · Engineering · CSS · Full Stack,https://wuzzuf.net/jobs/p/eRvDeN3u12JV-Full-Stack-Developer-MEAPAL-Cairo-Egypt?o=52&l=sp&t=sj&a=python|search-v3|spbg
Senior Backend Developer,Easy Cash -,18 days ago,"Heliopolis, Cairo, Egypt ",Full TimeExperienced · 5+ Yrs of Exp · IT/Software Development · Engineering - Telecom/Technology · Information Technology (IT) · Computer Science · Software Engineering · Software Development · PHP · Laravel · Agile · Software,https://wuzzuf.net/jobs/p/PJpOR0VR3Waj-Senior-Software-Engineer---PythonDjango-Paymob-Solutions-Cairo-Egypt?o=21&l=sp&t=sj&a=python|search-v3|spbg
Web Developer,Union Group -,29 days ago,"Obour City, Cairo, Egypt ",Full TimeExperienced · 4 - 5 Yrs of Exp · IT/Software Development · Engineering - Telecom/Technology · JavaScript · PHP · Computer Science · Software Development · Angular · Information Technology (IT) · HTML · CSS,https://wuzzuf.net/jobs/p/4rO6lnayTmYR-Teachnical-Leader-Unvc-Cairo-Egypt?o=36&l=sp&t=sj&a=python|search-v3|spbg
Web Developer,Solutions -,27 days ago,"Dokki, Giza, Egypt ",Full TimeExperienced · 3 - 5 Yrs of Exp · IT/Software Development · Engineering - Telecom/Technology · Computer Science · Information Technology (IT) · Software Development · coding · .Net · Angular · ASP.Net · CSS,https://wuzzuf.net/jobs/p/I6KuAyiaMYkM-DevOps-Engineer-Coral-Technology-Cairo-Egypt?o=103&l=sp&t=sj&a=python|search-v3|spbg
Big Data Engineer,Paymob Solutions -,1 month ago,"Maadi, Cairo, Egypt ",Full TimeExperienced · 2+ Yrs of Exp · IT/Software Development · Analyst/Research · Engineering - Telecom/Technology · Cloud · AWS · Computer Engineering · Data · Scala · Information Technology (IT) · Computer Science,https://wuzzuf.net/jobs/p/0VVSGXO0j0J6-Software-Quality-Control-Specialist-KnowledgeNet-Cairo-Egypt?o=188&l=sp&t=sj&a=python|search-v3|spbg
IP Core Operation Engineer,Silicon21 -,26 days ago,"Nasr City, Cairo, Egypt ",Full TimeExperienced · 2 - 3 Yrs of Exp · IT/Software Development · Engineering - Telecom/Technology · Engineering · Networking · Communication Engineering · Computer Engineering · Computer Science,https://wuzzuf.net/jobs/p/YP0Oby185A1t-Computer-Vision-Engineer-Cairo-Egypt?o=99&l=sp&t=sj&a=python|search-v3|spbg
Senior Data Warehouse & BI Tester,Target Recruitment  & HR Solutions  -,2 months ago,"Nasr City, Cairo, Egypt ",Full TimeExperienced · 4+ Yrs of Exp · IT/Software Development · Quality · Engineering - Telecom/Technology · Agile · Computer Science · Development · Information Technology (IT) · QA · quality · Quality Assurance,https://wuzzuf.net/jobs/p/1kR5rvxnlrBI-ERPNext-Developer-DIRAC-SYSTEMS-Cairo-Egypt?o=89&l=sp&t=sj&a=python|search-v3|spbg
DevOps/ProdOPS Engineer,Cegedim -,15 days ago,"New Cairo, Cairo, Egypt ",Full TimeExperienced · 3+ Yrs of Exp · IT/Software Development · Engineering - Telecom/Technology · Computer Science · Computer Engineering · Information Technology (IT) · DevOps · ProdOPS · Gradle · Git · Openshift,https://wuzzuf.net/jobs/p/iXdcvrAbbJpJ-DevOps-Engineer---UK-Team---Alexandria-Procrew-Alexandria-Egypt?o=170&l=sp&t=sj&a=python|search-v3|spbg
Senior Front End Developer,yelloco -,7 days ago,"Nasr City, Cairo, Egypt ",Full TimeExperienced · 3 - 5 Yrs of Exp · IT/Software Development · Front-End Development · front-end web development,https://wuzzuf.net/jobs/p/khDzgCov60Yl-Devops-Engineer-Cairo-Egypt?o=92&l=sp&t=sj&a=python|search-v3|spbg
BI Team Leader,Dataplus -,3 days ago,"Cairo, Egypt ",Full TimeManager · 5 - 7 Yrs of Exp · IT/Software Development · Engineering - Telecom/Technology · Communication skills · Management · SQL · Tableau · Microsoft SQL Server · Communication · Leadership,https://wuzzuf.net/jobs/p/q6aJS0uAHMuZ-SREDevOps-Engineer-Agolo-Cairo-Egypt?o=118&l=sp&t=sj&a=python|search-v3|spbg
MIS Analyst,OPEX Egypt -,47 minutes ago,"New Cairo, Cairo, Egypt ",Full TimeExperienced · 2 - 3 Yrs of Exp · IT/Software Development · Analyst/Research · Engineering - Telecom/Technology · management information systems · MIS · Operations · Analysis · Computer Science · Computer Skills · Data Analysis,https://wuzzuf.net/jobs/p/rgivbz01Maq6-Senior-Front-End-Developer---React-Trufla-Cairo-Egypt?o=104&l=sp&t=sj&a=python|search-v3|spbg
Software Project Manager,Charisma Design -,4 days ago,"Cairo, Egypt ",Full TimeManager · 3 - 5 Yrs of Exp · IT/Software Development · Project/Program Management · Engineering - Telecom/Technology · Agile · Communication skills · HTML · PMP · Project Management · Software · Certified ScrumMaster (CSM),https://wuzzuf.net/jobs/p/y89W48faTsp9-Back-End-Developer-Smart-Medical-Services-Giza-Egypt?o=148&l=sp&t=sj&a=python|search-v3|spbg
DevOps Engineer - UK Team - (Alexandria),Procrew -,27 days ago,"Alexandria, Egypt ",Full TimeWork From HomeExperienced · 5+ Yrs of Exp · IT/Software Development · Engineering - Telecom/Technology · Docker · Information Technology (IT) · DevOps · Amazon AWS · Computer Science · GitHub,https://wuzzuf.net/jobs/p/sZFCXnjuUmvf-Python-Developer--Fluent-English-Fekra-Technology-Solutions-and-Construction-Giza-Egypt?o=12&l=sp&t=sj&a=python|search-v3|spbg
Smart Manufacturing Engineer - Alexandria,Prometeon Tyres Group – Egypt  (Ex-Pirelli Tyres Egypt) -,11 days ago,"Ameria, Alexandria, Egypt ",Full TimeEntry Level · 0 - 3 Yrs of Exp · males_only · IT/Software Development · Manufacturing/Production · Engineering - Telecom/Technology · Alexandria · Computer Science · Project Management · Engineering,https://wuzzuf.net/jobs/p/y1YSeugXYZAM-Senior-Data-Engineer-DBTLookerBigQuery-360Imaging-Giza-Egypt?o=57&l=sp&t=sj&a=python|search-v3|spbg
Market Research Manager - Mobile Phones,IDC -,26 days ago,"6th of October, Giza, Egypt ",Full TimeManager · 8 - 10 Yrs of Exp · Operations/Management · Marketing/PR/Advertising · Analyst/Research · Information Technology (IT) · Market Research · Communication Skills · Research · IT · English · Analysis,https://wuzzuf.net/jobs/p/YRn93DcSmz8G-Mid-Senior-Level-Back-End-Software-Developer-Remote-skora-tech-Doha-Qatar?o=85&l=sp&t=sj&a=python|search-v3|spbg
Senior Cloud DevOps Engineer,FlairsTech -,11 days ago,"Maadi, Cairo, Egypt ",Full TimeExperienced · 4+ Yrs of Exp · IT/Software Development · Engineering - Telecom/Technology · AWS · DevOps · Information Technology (IT) · Linux · Computer Science,https://wuzzuf.net/jobs/p/DlVul8HbDfFe-Senior-Technical-Support-Engineer-Viavi-Solutions-Cairo-Egypt?o=182&l=sp&t=sj&a=python|search-v3|spbg
PHP Developer,VA Computing Egypt -,27 days ago,"New Cairo, Cairo, Egypt ",Full TimeExperienced · 3 - 5 Yrs of Exp · IT/Software Development · Engineering - Telecom/Technology · PHP · Computer Science · Information Technology (IT) · Software Development · Software · Engineering · HTML5 · jQuery,https://wuzzuf.net/jobs/p/eIGXspc9U1ns-Machine-Learning-Engineer-Digified-Cairo-Egypt?o=121&l=sp&t=sj&a=python|search-v3|spbg
Site Reliability Engineer (SRE),Taager -,8 days ago,"Maadi, Cairo, Egypt ",Full TimeExperienced · 3+ Yrs of Exp · Engineering - Construction/Civil/Architecture · IT/Software Development · Engineering - Telecom/Technology · AWS · Azure · Software · Azure DevOps Server · AutoCAD · Docker · Construction,https://wuzzuf.net/jobs/p/MpWiYLQDRxev-Machine-Learning-Engineer-Cairo-Egypt?o=94&l=sp&t=sj&a=python|search-v3|spbg
Senior Software QA Engineer,TEMPO -,27 days ago,"Cairo, Egypt ",Full TimeExperienced · 5+ Yrs of Exp · IT/Software Development · Quality · Engineering - Telecom/Technology · QA · Software Testing · Testing · Software · quality · Information Technology (IT) · Computer Science,https://wuzzuf.net/jobs/p/f88xe4lns33z-DevOps-Engineer-Beshara-Cairo-Egypt?o=101&l=sp&t=sj&a=python|search-v3|spbg
Software Tester (Remote/WFH),Deriv.com -,20 days ago,"Cairo, Egypt ",Full TimeWork From HomeExperienced · 3+ Yrs of Exp · IT/Software Development · Quality · Engineering - Telecom/Technology · Software Testing · Linux · Manual Testing · Automation Testing · Agile · Computer Science · English,https://wuzzuf.net/jobs/p/HAcEghuMwW8x-Senior-IT-Infrastructure-Developer-Quality-unit-Cairo-Egypt?o=48&l=sp&t=sj&a=python|search-v3|spbg
Senior Full Stack Developer,e Aswaaq Misr -,9 days ago,"Giza, Egypt ",Full TimeExperienced · 3+ Yrs of Exp · IT/Software Development · Engineering - Telecom/Technology · Angular · Computer Science · Engineering · CSS · Information Technology (IT) · Java · jQuery · MySQL,https://wuzzuf.net/jobs/p/1HJTFikyve6F-Data-Engineer-Ashtar-app-Cairo-Egypt?o=119&l=sp&t=sj&a=python|search-v3|spbg
Backend Software Developer,EMIRATES BARQ -,20 days ago,"Sharjah, United Arab Emirates ",Full TimeWork From HomeExperienced · 2 - 3 Yrs of Exp · IT/Software Development · Engineering - Telecom/Technology · Computer Science · CSS · Engineering · Information Technology (IT) · PHP · Software Development · Laravel · MySQL,https://wuzzuf.net/jobs/p/my7z1Lt70Zqq-Python-API-Developer-Ocucon-Team-UK---Alexandria-Procrew-Alexandria-Egypt?o=7&l=sp&t=sj&a=python|search-v3|spbg
Backend Software Engineer,Confidential -,29 days ago,"Sharjah, United Arab Emirates ",Full TimeWork From HomeExperienced · 2 - 3 Yrs of Exp · males_only · IT/Software Development · Engineering - Telecom/Technology · Computer Science · CSS · Engineering · Information Technology (IT) · PHP · Software Development · Laravel · MySQL,https://wuzzuf.net/jobs/p/aLt3DoiXen5U-DevOps-Engineer-Beyond-Solution-Cairo-Egypt?o=122&l=sp&t=sj&a=python|search-v3|spbg
Senior Software Developer (Focusing on PHP),TMentors -,1 day ago,"Nasr City, Cairo, Egypt ",Full TimeExperienced · 2 - 5 Yrs of Exp · IT/Software Development · Engineering - Telecom/Technology · Information Technology (IT) · Software Development · Computer Science · Software Engineering · Node.js · javaScript · English · Software,https://wuzzuf.net/jobs/p/1jReTsTyvpCJ-Senior-Python-Developer-FlairsTech-Cairo-Egypt?o=6&l=sp&t=sj&a=python|search-v3|spbg
Senior Technical Support Engineer,Viavi Solutions -,2 months ago,"Maadi, Cairo, Egypt ",Full TimeExperienced · 4 - 8 Yrs of Exp · Installation/Maintenance/Repair · IT/Software Development · Engineering - Telecom/Technology · Technical support engineer · Technical Support · Support engineer · Support · Computer Science · Computer Engineering · IT,https://wuzzuf.net/jobs/p/oFZ2ByXCSF4M-Senior-Java-Developer-Software-Engineer-Egybell-Cairo-Egypt?o=107&l=sp&t=sj&a=python|search-v3|spbg
Team Lead Data Scientist,Fawry Banking & Payment Technology Services -,29 days ago,"Smart Village, Giza, Egypt ",Full TimeManager · 5+ Yrs of Exp · IT/Software Development · Engineering - Telecom/Technology · Information Technology (IT) · Machine Learning · Computer Engineering · Computer Science · Algorithms,https://wuzzuf.net/jobs/p/QzIUZmaim4LQ-Senior-DevOps-Engineer-eMushrif-Cairo-Egypt?o=146&l=sp&t=sj&a=python|search-v3|spbg
Data Scientist,Confidential -,1 month ago,"Cairo, Egypt ",Full TimeExperienced · 3 - 5 Yrs of Exp · IT/Software Development · Analyst/Research · Engineering - Telecom/Technology · Computer Science · Data · Data Science · Engineering · Machine Learning · SQL · Statistics,https://wuzzuf.net/jobs/p/oLtme0zzF4ok-Software-Tester-RemoteWFH-Deriv-com-Cairo-Egypt?o=177&l=sp&t=sj&a=python|search-v3|spbg
Sr. Information Security Engineer - DevSecOps,EastNets -,1 month ago,"Cairo, Egypt ",Full TimeWork From HomeExperienced · 4+ Yrs of Exp · IT/Software Development · Engineering - Telecom/Technology · Information Technology (IT) · Information Security · Computer Engineering · Computer Science · Agile · AWS · CISSP · Cloud,https://wuzzuf.net/jobs/p/vvCKO4kLOle8-Python-Developer-EBE-Giza-Egypt?o=22&l=sp&t=sj&a=python|search-v3|spbg
PHP Technical Lead,LINK Development -,1 month ago,"Maadi, Cairo, Egypt ",Full TimeManager · 6+ Yrs of Exp · IT/Software Development · Engineering - Telecom/Technology · Angular · Computer Engineering · Computer Science · Engineering · HTML · Information Technology (IT) · JavaScript · PHP,https://wuzzuf.net/jobs/p/ORs5Rs3R7IXC-Senior-Cloud-Solution-Architect-Edrak-United-Cairo-Egypt?o=194&l=sp&t=sj&a=python|search-v3|spbg
Technical Lead - Software Engineer,Confidential -,1 month ago,"New Cairo, Cairo, Egypt ",Full TimeManager · 6 - 7 Yrs of Exp · IT/Software Development · Engineering - Telecom/Technology · Agile · TDD · BDD · System Architecture · MySQL · Redis,https://wuzzuf.net/jobs/p/ErqNae4vCuI7-Functional-Testing-Engineer-Ejada-Cairo-Cairo-Egypt?o=55&l=sp&t=sj&a=python|search-v3|spbg
Software Quality Control Specialist,KnowledgeNet -,20 days ago,"Nasr City, Cairo, Egypt ",Full TimeExperienced · 2+ Yrs of Exp · IT/Software Development · Engineering - Telecom/Technology · Automation · Computer Science · Agile · Testing · ISTQB · Quality Assurance · Software · SQL,https://wuzzuf.net/jobs/p/TORY2AgkfkSh-Senior-Python-Developer-Andela-Cairo-Egypt?o=5&l=sp&t=sj&a=python|search-v3|spbg
Senior Full Stack Developer (Full Time Office Based),Affsquare -,2 months ago,"Sheraton, Cairo, Egypt ",Full TimeExperienced · 3+ Yrs of Exp · IT/Software Development · Engineering - Telecom/Technology · Information Technology (IT) · Computer Science · javaScript · CSS · PHP · MySQL · HTML5 · MongoDB,https://wuzzuf.net/jobs/p/muinh8aqeDVx-PHP-Developer-VA-Computing-Egypt-Cairo-Egypt?o=174&l=sp&t=sj&a=python|search-v3|spbg
PHP Developer,EBE -,1 month ago,"Dokki, Giza, Egypt ",Full TimeExperienced · 2 - 4 Yrs of Exp · IT/Software Development · Engineering - Telecom/Technology · Software Development · PHP · Information Technology (IT) · Computer Science · javaScript · HTML · CSS · Laravel,https://wuzzuf.net/jobs/p/9FwMpzfLtufL-Python-Developer-REST-API-Microservices---Ocucon-Team-UK---Alexandria-Procrew-Alexandria-Egypt?o=17&l=sp&t=sj&a=python|search-v3|spbg
IT Admin,FlairsTech -,2 months ago,"Maadi, Cairo, Egypt ",Full TimeExperienced · 3 - 6 Yrs of Exp · IT/Software Development · DNS · NTP · VPNs · DHCP · AWS · Linux,https://wuzzuf.net/jobs/p/aEDo9YmBB7Jd-GIS-Developer-Perfect-Presentation-Giza-Egypt?o=154&l=sp&t=sj&a=python|search-v3|spbg
Application Support Engineer,Confidential -,2 months ago,"Smouha, Alexandria, Egypt ",Full TimeEntry Level · 0 - 4 Yrs of Exp · IT/Software Development · Engineering - Telecom/Technology · Customer Support · Information Technology (IT) · Computer Science · SQL · ERP System · Business Analysis · Agile Software · Computer Engineering,https://wuzzuf.net/jobs/p/Tcg0N6scYDEk-Backend-Engineer---PythonDjango-Paymob-Solutions-Cairo-Egypt?o=18&l=sp&t=sj&a=python|search-v3|spbg
Automation Test Engineer,Confidential -,2 months ago,"Cairo, Egypt ",Full TimeWork From HomeExperienced · 4 - 10 Yrs of Exp · IT/Software Development · engineer · Automation,https://wuzzuf.net/jobs/p/ioEYVnZceUWh-Blockchain-developer-MENA-Alliances-Hebron-Palestine?o=32&l=sp&t=sj&a=python|search-v3|spbg
Senior Cloud Solution Architect,Edrak United -,2 months ago,"Cairo, Egypt ",Full TimeExperienced · 6+ Yrs of Exp · males_preferred · IT/Software Development · Engineering - Telecom/Technology · Architecture · AWS · Cloud · gcp · Information Technology (IT) · Infrastructure · IT · Computer Science,https://wuzzuf.net/jobs/p/9OT3zg02C2Ql-Computer-Science-Teacher-iSchool-Cairo-Egypt?o=113&l=sp&t=sj&a=python|search-v3|spbg
Software Developer,eelu -,2 months ago,"Cairo, Egypt ",Full TimeExperienced · 2 - 5 Yrs of Exp · IT/Software Development · Engineering - Telecom/Technology · Information Technology (IT) · Computer Engineering · Computer Science · Software Development · SQL · PHP · Angular · Engineering,https://wuzzuf.net/jobs/p/0Fx99pmcYciN-Site-Reliability-Engineer-SRE-Taager-Cairo-Egypt?o=175&l=sp&t=sj&a=python|search-v3|spbg
Full Stack Developer,TTC Technologies -,1 month ago,"Heliopolis, Cairo, Egypt ",Full TimeExperienced · 3 - 6 Yrs of Exp · IT/Software Development · Engineering - Telecom/Technology · Full Stack · Software Development · Computer Science · Information Technology (IT) · SQL · Software · javaScript · PHP,https://wuzzuf.net/jobs/p/Wl8e13hpCyV2-DevOps-Engineer-Nagwa-Cairo-Egypt?o=197&l=sp&t=sj&a=python|search-v3|spbg
DevOps Engineer,Nagwa -,2 months ago,"Cairo, Egypt ",Full TimeExperienced · 3+ Yrs of Exp · IT/Software Development · Engineering - Telecom/Technology · DevOps · Software Development,https://wuzzuf.net/jobs/p/jr2Uhk0R3gL0-Senior-Automation-Test-Engineer-Kaizen-Firm-Cairo-Egypt?o=200&l=sp&t=sj&a=python|search-v3|spbg
Oracle APEX Developer,Edrak United -,2 months ago,"Cairo, Egypt ",Full TimeExperienced · 6+ Yrs of Exp · males_preferred · IT/Software Development · Engineering - Telecom/Technology · Oracle · JavaScript · HTML · Database · CSS · SQL · jQuery · Apex Programming,https://wuzzuf.net/jobs/p/6fl02DT1f8v2-Data-Scientist-Mantrac-Cairo-Egypt?o=147&l=sp&t=sj&a=python|search-v3|spbg
Unity Game Developer,iSchool -,2 months ago,"New Cairo, Cairo, Egypt ",Full TimeEntry Level · 1 - 7 Yrs of Exp · Creative/Design/Art · IT/Software Development · Engineering - Telecom/Technology · 3D · Computer Science · Game · Game development · Information Technology (IT) · Programming · Software Development,https://wuzzuf.net/jobs/p/Aeoy9m8E1Qgs-Software-Quality-Control-Engineer-Kashier-Payment-Solutions-Cairo-Egypt?o=157&l=sp&t=sj&a=python|search-v3|spbg
Senior Automation Test Engineer,Kaizen Firm -,1 month ago,"Cairo, Egypt ",Full TimeExperienced · 4 - 12 Yrs of Exp · IT/Software Development · Quality · Engineering - Telecom/Technology · Automation · senior automation · Software Testing · Information Technology (IT) · Computer Science · Agile · Java,https://wuzzuf.net/jobs/p/VOpCibtt4djj-BI-Team-Leader-Dataplus-Cairo-Egypt?o=167&l=sp&t=sj&a=python|search-v3|spbg
Full Stack Developer,Windsor University -,2 months ago,"Cairo, Egypt ",Full TimeEntry Level · IT/Software Development · Computer Science · CSS · HTML · WordPress · PHP · Software Development · Cpanel/WHM,https://wuzzuf.net/jobs/p/HpXhuVrV9yBc-Senior-Software-Engineer---Full-Stack-100-Remote-Anoma-Tech-USA-Cairo-Egypt?o=71&l=sp&t=sj&a=python|search-v3|spbg
